<?xml version = '1.0' encoding = 'UTF-8'?>
<Table class="oracle.dbtools.crest.model.design.relational.Table" directorySegmentName="seg_0" id="1C91B390-45A5-4546-1E52-359F5C302A91" name="AUTHORSHIP">
<createdBy>PteFe</createdBy>
<createdTime>2024-09-16 09:04:55 UTC</createdTime>
<generatorID>CA650F3F-118F-03B6-F798-300BF9711F07</generatorID>
<ownerDesignName>rcl_logica</ownerDesignName>
<allowColumnReorder>false</allowColumnReorder>
<existDependencyGenerateInDDl>true</existDependencyGenerateInDDl>
<parsed>true</parsed>
<columns itemClass="oracle.dbtools.crest.model.design.relational.Column">
<Column name="author_id" id="2FBC8A57-BC7E-0B4B-AE06-798C458423DB">
<createdBy>PteFe</createdBy>
<createdTime>2024-09-16 09:04:55 UTC</createdTime>
<commentInRDBMS><![CDATA[This field serves as the unique identifier for an author, stored as a numeric value with a precision of 4 digits.]]></commentInRDBMS>
<generatorID>332247FF-C64D-1E7F-4FD9-511244F6380F</generatorID>
<ownerDesignName>rcl_logica</ownerDesignName>
<useDomainConstraints>false</useDomainConstraints>
<use>1</use>
<logicalDatatype>LOGDT019</logicalDatatype>
<dataTypePrecision>4</dataTypePrecision>
<ownDataTypeParameters>,,</ownDataTypeParameters>
<previousColumn>false</previousColumn>
<autoIncrementCycle>false</autoIncrementCycle>
<associations>
<colAssociation fkAssociation="4CB563F9-98D6-16EF-69DD-8011EFD0775A" referredColumn="B24242FA-DF18-F541-CA6B-01610ECFE708"/>
</associations>
</Column>
<Column name="entry_call_no" id="85B76802-83A3-5CA6-BC14-0EA2B4F6F1E7">
<createdBy>PteFe</createdBy>
<createdTime>2024-09-16 09:04:55 UTC</createdTime>
<commentInRDBMS><![CDATA[Unique call number for the entry]]></commentInRDBMS>
<generatorID>3CE81650-F9AA-5EE0-C754-13AABAB44C2E</generatorID>
<ownerDesignName>rcl_logica</ownerDesignName>
<useDomainConstraints>false</useDomainConstraints>
<use>1</use>
<logicalDatatype>LOGDT024</logicalDatatype>
<dataTypeSize>30</dataTypeSize>
<ownDataTypeParameters>,,</ownDataTypeParameters>
<previousColumn>false</previousColumn>
<autoIncrementCycle>false</autoIncrementCycle>
<associations>
<colAssociation fkAssociation="4D3916A7-6E76-B362-49AA-BC9399090286" referredColumn="BC4DFB99-C179-59AD-92A8-8999397BEFB6"/>
</associations>
</Column>
</columns>
<indexes itemClass="oracle.dbtools.crest.model.design.relational.Index">
<ind_PK_UK id="65B8D6C0-EC3A-BEE2-F93B-C5AB369CC149" name="AUTHORSHIP_PKv1">
<createdBy>PteFe</createdBy>
<createdTime>2024-09-16 09:04:55 UTC</createdTime>
<generatorID>A6F10646-CA5C-368B-2C17-A60AC4A879C6</generatorID>
<ownerDesignName>rcl_logica</ownerDesignName>
<pk>true</pk>
<indexState>Primary Constraint</indexState>
<isSurrogateKey>false</isSurrogateKey>
<indexColumnUsage>
<colUsage columnID="2FBC8A57-BC7E-0B4B-AE06-798C458423DB"/>
<colUsage columnID="85B76802-83A3-5CA6-BC14-0EA2B4F6F1E7"/>
</indexColumnUsage>
</ind_PK_UK>
<ind_PK_UK id="9D558DE3-516A-11C8-5DA3-424D08F1AA09" name="author_authorship">
<createdBy>PteFe</createdBy>
<createdTime>2024-09-16 09:04:55 UTC</createdTime>
<generatorID>0D0BA253-4952-EF84-8E82-27A9D62F09EA</generatorID>
<ownerDesignName>rcl_logica</ownerDesignName>
<indexState>Foreign Key</indexState>
<isSurrogateKey>false</isSurrogateKey>
<indexColumnUsage>
<colUsage columnID="2FBC8A57-BC7E-0B4B-AE06-798C458423DB"/>
</indexColumnUsage>
</ind_PK_UK>
<ind_PK_UK id="5E57A479-710F-1F6C-73C8-718A65F2285B" name="entry_authorship">
<createdBy>PteFe</createdBy>
<createdTime>2024-09-16 09:04:55 UTC</createdTime>
<generatorID>3F245E7B-5382-F292-70A9-1B261E1C1F56</generatorID>
<ownerDesignName>rcl_logica</ownerDesignName>
<indexState>Foreign Key</indexState>
<isSurrogateKey>false</isSurrogateKey>
<indexColumnUsage>
<colUsage columnID="85B76802-83A3-5CA6-BC14-0EA2B4F6F1E7"/>
</indexColumnUsage>
</ind_PK_UK>
</indexes>
</Table>
