<?xml version = '1.0' encoding = 'UTF-8'?>
<Table class="oracle.dbtools.crest.model.design.relational.Table" directorySegmentName="seg_0" id="25F6BC5E-1131-B9F5-EE38-0CFBDC33761D" name="SUBJECT">
<createdBy>PteFe</createdBy>
<createdTime>2024-09-16 09:04:55 UTC</createdTime>
<generatorID>AE55CC9A-9DE7-B373-1C7E-4A04E9A000C3</generatorID>
<ownerDesignName>rcl_logica</ownerDesignName>
<allowColumnReorder>false</allowColumnReorder>
<existDependencyGenerateInDDl>true</existDependencyGenerateInDDl>
<parsed>true</parsed>
<columns itemClass="oracle.dbtools.crest.model.design.relational.Column">
<Column name="subject_id" id="142995A4-9C8C-2405-9201-3C8B8B0280EB">
<createdBy>PteFe</createdBy>
<createdTime>2024-09-16 09:04:55 UTC</createdTime>
<commentInRDBMS><![CDATA[The subject_id stores the unique identifier for a subject as a numeric value with a precision of 4 digits and serves as the primary key.]]></commentInRDBMS>
<generatorID>DCCB52E5-FC6C-94B6-D604-B6608E9EBB85</generatorID>
<ownerDesignName>rcl_logica</ownerDesignName>
<useDomainConstraints>false</useDomainConstraints>
<use>1</use>
<logicalDatatype>LOGDT019</logicalDatatype>
<ownDataTypeParameters>,,</ownDataTypeParameters>
<autoIncrementCycle>false</autoIncrementCycle>
</Column>
<Column name="subject_desc" id="9CC4348B-8912-E9BA-E637-5F89808D0E8B">
<createdBy>PteFe</createdBy>
<createdTime>2024-09-16 09:04:55 UTC</createdTime>
<commentInRDBMS><![CDATA[The subject_desc stores a mandatory description of the subject as a string with up to 50 characters.]]></commentInRDBMS>
<generatorID>64238DD3-268B-95BA-919E-993A4132B1B7</generatorID>
<ownerDesignName>rcl_logica</ownerDesignName>
<useDomainConstraints>false</useDomainConstraints>
<use>1</use>
<logicalDatatype>LOGDT024</logicalDatatype>
<dataTypeSize>50</dataTypeSize>
<ownDataTypeParameters>50,,</ownDataTypeParameters>
<autoIncrementCycle>false</autoIncrementCycle>
</Column>
</columns>
<indexes itemClass="oracle.dbtools.crest.model.design.relational.Index">
<ind_PK_UK id="1694C231-1523-CDE8-7807-675BE90E6090" name="SUBJECT_PK">
<createdBy>PteFe</createdBy>
<createdTime>2024-09-16 09:04:55 UTC</createdTime>
<generatorID>5AD8FDF7-DF2C-7AC0-4DF3-7ACEE8BF5710</generatorID>
<ownerDesignName>rcl_logica</ownerDesignName>
<pk>true</pk>
<indexState>Primary Constraint</indexState>
<isSurrogateKey>false</isSurrogateKey>
<indexColumnUsage>
<colUsage columnID="142995A4-9C8C-2405-9201-3C8B8B0280EB"/>
</indexColumnUsage>
</ind_PK_UK>
</indexes>
</Table>
