<?xml version = '1.0' encoding = 'UTF-8'?>
<Table class="oracle.dbtools.crest.model.design.relational.Table" directorySegmentName="seg_0" id="26412335-1771-FE25-B2BA-14A01844313A" name="LOAN">
<createdBy>PteFe</createdBy>
<createdTime>2024-09-16 09:04:55 UTC</createdTime>
<generatorID>CCE6FDE2-E1EF-30F6-FD42-B510639AF352</generatorID>
<ownerDesignName>rcl_logica</ownerDesignName>
<allowColumnReorder>false</allowColumnReorder>
<existDependencyGenerateInDDl>true</existDependencyGenerateInDDl>
<parsed>true</parsed>
<columns itemClass="oracle.dbtools.crest.model.design.relational.Column">
<Column name="loan_id" id="11D79237-A096-D1C9-9BEC-1E7E4FAC673D">
<createdBy>PteFe</createdBy>
<createdTime>2024-09-16 09:04:55 UTC</createdTime>
<commentInRDBMS><![CDATA[LOAN id]]></commentInRDBMS>
<generatorID>1D80C7B3-C7F9-5DA6-30AE-14FC1783CD5F</generatorID>
<ownerDesignName>rcl_logica</ownerDesignName>
<useDomainConstraints>false</useDomainConstraints>
<use>1</use>
<logicalDatatype>LOGDT019</logicalDatatype>
<dataTypePrecision>10</dataTypePrecision>
<ownDataTypeParameters>,10,</ownDataTypeParameters>
<autoIncrementCycle>false</autoIncrementCycle>
</Column>
<Column name="borrower_no" id="8BA1016E-E495-28C0-8E15-C5468D192F84">
<createdBy>PteFe</createdBy>
<createdTime>2024-09-16 09:04:55 UTC</createdTime>
<commentInRDBMS><![CDATA[Borrower identification number]]></commentInRDBMS>
<generatorID>6B1A961B-D884-7367-85C5-CDAC1278CF5D</generatorID>
<ownerDesignName>rcl_logica</ownerDesignName>
<useDomainConstraints>false</useDomainConstraints>
<use>1</use>
<logicalDatatype>LOGDT019</logicalDatatype>
<dataTypePrecision>5</dataTypePrecision>
<ownDataTypeParameters>,,</ownDataTypeParameters>
<previousColumn>false</previousColumn>
<autoIncrementCycle>false</autoIncrementCycle>
<associations>
<colAssociation fkAssociation="7D96733D-7D00-138B-A737-4D89C4A4F041" referredColumn="429F75B9-E86D-A079-2270-07020C8E4E03"/>
</associations>
</Column>
<Column name="loan_taken_datetime" id="FB0FC32C-A054-5C52-415F-8F76E3E27761">
<createdBy>PteFe</createdBy>
<createdTime>2024-09-16 09:04:55 UTC</createdTime>
<commentInRDBMS><![CDATA[Date and time when the loan was taken]]></commentInRDBMS>
<generatorID>4DFD7C9D-B6EC-84DD-9967-86133DAC6B55</generatorID>
<ownerDesignName>rcl_logica</ownerDesignName>
<useDomainConstraints>false</useDomainConstraints>
<use>1</use>
<logicalDatatype>LOGDT007</logicalDatatype>
<ownDataTypeParameters>,,</ownDataTypeParameters>
<autoIncrementCycle>false</autoIncrementCycle>
</Column>
<Column name="loan_due_date" id="A494E0AD-4575-9F0D-C757-E1AA3299A67F">
<createdBy>PteFe</createdBy>
<createdTime>2024-09-16 09:04:55 UTC</createdTime>
<commentInRDBMS><![CDATA[The due date of the loan]]></commentInRDBMS>
<generatorID>820FD2FA-5EF8-F1CC-68C4-CC755C212DCF</generatorID>
<ownerDesignName>rcl_logica</ownerDesignName>
<useDomainConstraints>false</useDomainConstraints>
<use>1</use>
<logicalDatatype>LOGDT007</logicalDatatype>
<ownDataTypeParameters>,,</ownDataTypeParameters>
<autoIncrementCycle>false</autoIncrementCycle>
</Column>
<Column name="loan_return_datetime" id="1E6E7FAE-5D50-BE0A-869D-A3F6D57F8638">
<createdBy>PteFe</createdBy>
<createdTime>2024-09-16 09:04:55 UTC</createdTime>
<commentInRDBMS><![CDATA[The date and time when the loan was returned]]></commentInRDBMS>
<generatorID>CD887BA9-A6FC-A395-90CD-1A8C72C8A530</generatorID>
<ownerDesignName>rcl_logica</ownerDesignName>
<nullsAllowed>true</nullsAllowed>
<useDomainConstraints>false</useDomainConstraints>
<use>1</use>
<logicalDatatype>LOGDT007</logicalDatatype>
<ownDataTypeParameters>,,</ownDataTypeParameters>
<autoIncrementCycle>false</autoIncrementCycle>
</Column>
<Column name="branch_code" id="24CA1ECE-6AF1-4C69-B266-672846C0FFE5">
<createdBy>PteFe</createdBy>
<createdTime>2024-09-16 09:04:55 UTC</createdTime>
<commentInRDBMS><![CDATA[BRANCH code]]></commentInRDBMS>
<generatorID>59797932-ED9D-9A7F-4CBB-CE8B9BAFBB21</generatorID>
<ownerDesignName>rcl_logica</ownerDesignName>
<useDomainConstraints>false</useDomainConstraints>
<use>1</use>
<logicalDatatype>LOGDT019</logicalDatatype>
<dataTypePrecision>3</dataTypePrecision>
<ownDataTypeParameters>,,</ownDataTypeParameters>
<previousColumn>false</previousColumn>
<autoIncrementCycle>false</autoIncrementCycle>
<associations>
<colAssociation fkAssociation="EF06210E-C1F8-CFAE-D8F4-2C1716BAF752" referredColumn="F2DF14B3-163D-681C-E55C-01EC9DC5CC3E"/>
</associations>
</Column>
<Column name="copy_id" id="66E7F738-D191-C3F5-EF7D-4BF31D84CB6F">
<createdBy>PteFe</createdBy>
<createdTime>2024-09-16 09:04:55 UTC</createdTime>
<commentInRDBMS><![CDATA[Unique identifier for a copy of an item]]></commentInRDBMS>
<generatorID>31ECB69D-70BF-A670-CD8F-2181546608E1</generatorID>
<ownerDesignName>rcl_logica</ownerDesignName>
<useDomainConstraints>false</useDomainConstraints>
<use>1</use>
<logicalDatatype>LOGDT019</logicalDatatype>
<dataTypePrecision>5</dataTypePrecision>
<ownDataTypeParameters>,,</ownDataTypeParameters>
<previousColumn>false</previousColumn>
<autoIncrementCycle>false</autoIncrementCycle>
<associations>
<colAssociation fkAssociation="EF06210E-C1F8-CFAE-D8F4-2C1716BAF752" referredColumn="4871C81D-9FD9-706F-846D-E4A513BB19B3"/>
</associations>
</Column>
</columns>
<indexes itemClass="oracle.dbtools.crest.model.design.relational.Index">
<ind_PK_UK id="9E8F24CE-4635-C884-D2CD-340976DBEAD8" name="LOAN_PK">
<createdBy>PteFe</createdBy>
<createdTime>2024-09-16 09:04:55 UTC</createdTime>
<generatorID>E29313E9-1646-7097-E05A-1D2D64AADD9D</generatorID>
<ownerDesignName>rcl_logica</ownerDesignName>
<pk>true</pk>
<indexState>Primary Constraint</indexState>
<isSurrogateKey>false</isSurrogateKey>
<indexColumnUsage>
<colUsage columnID="11D79237-A096-D1C9-9BEC-1E7E4FAC673D"/>
</indexColumnUsage>
</ind_PK_UK>
<ind_PK_UK id="C41119DA-6853-43E5-30DF-32536598C092" name="LOAN_CK">
<createdBy>PteFe</createdBy>
<createdTime>2024-09-16 09:04:55 UTC</createdTime>
<generatorID>004B32F1-C815-4C80-89E1-4BA248FA8E2A</generatorID>
<ownerDesignName>rcl_logica</ownerDesignName>
<indexState>Unique Constraint</indexState>
<isSurrogateKey>false</isSurrogateKey>
<indexColumnUsage>
<colUsage columnID="24CA1ECE-6AF1-4C69-B266-672846C0FFE5"/>
<colUsage columnID="FB0FC32C-A054-5C52-415F-8F76E3E27761"/>
<colUsage columnID="66E7F738-D191-C3F5-EF7D-4BF31D84CB6F"/>
</indexColumnUsage>
</ind_PK_UK>
<ind_PK_UK id="67779D9E-A6BB-9074-881B-C7952282E8F4" name="LOAN_NK">
<createdBy>PteFe</createdBy>
<createdTime>2024-09-16 09:04:55 UTC</createdTime>
<generatorID>EF70BFD0-CA91-7C9A-B8CC-51F77A959440</generatorID>
<ownerDesignName>rcl_logica</ownerDesignName>
<indexState>Unique Constraint</indexState>
<isSurrogateKey>false</isSurrogateKey>
<indexColumnUsage>
<colUsage columnID="8BA1016E-E495-28C0-8E15-C5468D192F84"/>
<colUsage columnID="FB0FC32C-A054-5C52-415F-8F76E3E27761"/>
</indexColumnUsage>
</ind_PK_UK>
<ind_PK_UK id="6E8D540F-A043-25AB-BB88-477ABA10B6E1" name="borrower_loan_fk">
<createdBy>PteFe</createdBy>
<createdTime>2024-09-16 09:04:55 UTC</createdTime>
<generatorID>1229180F-7CE9-330F-0B98-4680FDA913EE</generatorID>
<ownerDesignName>rcl_logica</ownerDesignName>
<indexState>Foreign Key</indexState>
<isSurrogateKey>false</isSurrogateKey>
<indexColumnUsage>
<colUsage columnID="8BA1016E-E495-28C0-8E15-C5468D192F84"/>
</indexColumnUsage>
</ind_PK_UK>
<ind_PK_UK id="D6E56B85-25C4-92E7-FFB4-DA9EA185D1F6" name="copy_loan_fk">
<createdBy>PteFe</createdBy>
<createdTime>2024-09-16 09:04:55 UTC</createdTime>
<generatorID>F1FB6661-D749-C9E2-9550-69419AB65B12</generatorID>
<ownerDesignName>rcl_logica</ownerDesignName>
<indexState>Foreign Key</indexState>
<isSurrogateKey>false</isSurrogateKey>
<indexColumnUsage>
<colUsage columnID="66E7F738-D191-C3F5-EF7D-4BF31D84CB6F"/>
<colUsage columnID="24CA1ECE-6AF1-4C69-B266-672846C0FFE5"/>
</indexColumnUsage>
</ind_PK_UK>
</indexes>
</Table>
