<?xml version = '1.0' encoding = 'UTF-8'?>
<Table class="oracle.dbtools.crest.model.design.relational.Table" directorySegmentName="seg_0" id="2891E6DB-D8B8-9387-1C31-796D3F059CA3" name="FINE">
<createdBy>PteFe</createdBy>
<createdTime>2024-09-16 09:04:55 UTC</createdTime>
<generatorID>0144FDD5-E41F-981A-70FD-2D2818DEAF50</generatorID>
<ownerDesignName>rcl_logica</ownerDesignName>
<allowColumnReorder>false</allowColumnReorder>
<existDependencyGenerateInDDl>true</existDependencyGenerateInDDl>
<parsed>true</parsed>
<columns itemClass="oracle.dbtools.crest.model.design.relational.Column">
<Column name="fine_id" id="12BEA27F-5484-E65B-CB0B-550AFC5D688A">
<createdBy>PteFe</createdBy>
<createdTime>2024-09-16 09:04:55 UTC</createdTime>
<commentInRDBMS><![CDATA[The fine_id stores the unique identifier for a fine as a numeric value with a precision of 8 digits, serving as the primary key.]]></commentInRDBMS>
<generatorID>4CA3A373-1A62-8C23-EC5A-2A4779F183F7</generatorID>
<ownerDesignName>rcl_logica</ownerDesignName>
<useDomainConstraints>false</useDomainConstraints>
<use>1</use>
<logicalDatatype>LOGDT019</logicalDatatype>
<dataTypePrecision>8</dataTypePrecision>
<ownDataTypeParameters>,8,</ownDataTypeParameters>
<autoIncrementCycle>false</autoIncrementCycle>
</Column>
<Column name="fine_amount" id="3ED9FBE0-0979-23F0-A085-FD93C725F2F5">
<createdBy>PteFe</createdBy>
<createdTime>2024-09-16 09:04:55 UTC</createdTime>
<commentInRDBMS><![CDATA[The fine_amount stores a mandatory numeric value representing a fine, with a precision of 5 digits and 2 decimal places.]]></commentInRDBMS>
<generatorID>8EF4A30D-CB4D-6797-A851-AF328BCB460E</generatorID>
<ownerDesignName>rcl_logica</ownerDesignName>
<useDomainConstraints>false</useDomainConstraints>
<use>1</use>
<logicalDatatype>LOGDT019</logicalDatatype>
<dataTypePrecision>5</dataTypePrecision>
<dataTypeScale>2</dataTypeScale>
<ownDataTypeParameters>,5,2</ownDataTypeParameters>
<autoIncrementCycle>false</autoIncrementCycle>
</Column>
<Column name="fine_paydata" id="B9B7B362-03AC-CCF5-9A06-64DD9BAC00AD">
<createdBy>PteFe</createdBy>
<createdTime>2024-09-16 09:04:55 UTC</createdTime>
<generatorID>0E4C4D31-216D-50CC-1108-69FA1B661F25</generatorID>
<ownerDesignName>rcl_logica</ownerDesignName>
<nullsAllowed>true</nullsAllowed>
<useDomainConstraints>false</useDomainConstraints>
<use>1</use>
<logicalDatatype>LOGDT007</logicalDatatype>
<ownDataTypeParameters>,,</ownDataTypeParameters>
<autoIncrementCycle>false</autoIncrementCycle>
</Column>
<Column name="loan_id" id="B8F45931-0A51-D43E-1B21-1D5FE43A457E">
<createdBy>PteFe</createdBy>
<createdTime>2024-09-16 09:04:55 UTC</createdTime>
<commentInRDBMS><![CDATA[LOAN id]]></commentInRDBMS>
<generatorID>FF5F7A81-B6D3-7B52-5F9D-9305A210632C</generatorID>
<ownerDesignName>rcl_logica</ownerDesignName>
<useDomainConstraints>false</useDomainConstraints>
<use>1</use>
<logicalDatatype>LOGDT019</logicalDatatype>
<dataTypePrecision>10</dataTypePrecision>
<ownDataTypeParameters>,,</ownDataTypeParameters>
<previousColumn>false</previousColumn>
<autoIncrementCycle>false</autoIncrementCycle>
<associations>
<colAssociation fkAssociation="E35397A2-6D42-71BE-F949-5A9196C663ED" referredColumn="11D79237-A096-D1C9-9BEC-1E7E4FAC673D"/>
</associations>
</Column>
</columns>
<indexes itemClass="oracle.dbtools.crest.model.design.relational.Index">
<ind_PK_UK id="CD98DB5B-D92A-FCCE-7AC1-973483937234" name="FINE_PK">
<createdBy>PteFe</createdBy>
<createdTime>2024-09-16 09:04:55 UTC</createdTime>
<generatorID>C3BE2399-7478-85E4-21F5-321FD1AEE528</generatorID>
<ownerDesignName>rcl_logica</ownerDesignName>
<pk>true</pk>
<indexState>Primary Constraint</indexState>
<isSurrogateKey>false</isSurrogateKey>
<indexColumnUsage>
<colUsage columnID="12BEA27F-5484-E65B-CB0B-550AFC5D688A"/>
</indexColumnUsage>
</ind_PK_UK>
<ind_PK_UK id="5F64ABA0-8515-121C-99EC-3AA73642CEEB" name="FINE_NK">
<createdBy>PteFe</createdBy>
<createdTime>2024-09-16 09:04:55 UTC</createdTime>
<generatorID>741333BB-DB6C-A1F4-5963-3DD4E7FF3B0A</generatorID>
<ownerDesignName>rcl_logica</ownerDesignName>
<indexState>Unique Constraint</indexState>
<isSurrogateKey>false</isSurrogateKey>
<indexColumnUsage>
<colUsage columnID="B8F45931-0A51-D43E-1B21-1D5FE43A457E"/>
</indexColumnUsage>
</ind_PK_UK>
<ind_PK_UK id="F7EB6294-E20A-043D-3AFC-DDDF7FC5260B" name="loan_fine_fk">
<createdBy>PteFe</createdBy>
<createdTime>2024-09-16 09:04:55 UTC</createdTime>
<generatorID>5C1C40E5-8221-4900-8484-AB717C57D789</generatorID>
<ownerDesignName>rcl_logica</ownerDesignName>
<indexState>Foreign Key</indexState>
<isSurrogateKey>false</isSurrogateKey>
<indexColumnUsage>
<colUsage columnID="B8F45931-0A51-D43E-1B21-1D5FE43A457E"/>
</indexColumnUsage>
</ind_PK_UK>
</indexes>
</Table>
