<?xml version = '1.0' encoding = 'UTF-8'?>
<Table class="oracle.dbtools.crest.model.design.relational.Table" directorySegmentName="seg_0" id="4A0F0CDA-7282-978C-D3AD-14FCFFAD7076" name="AUTHOR">
<createdBy>PteFe</createdBy>
<createdTime>2024-09-16 09:04:55 UTC</createdTime>
<generatorID>5027E103-41D2-D8AB-36A5-988FC50C76D3</generatorID>
<ownerDesignName>rcl_logica</ownerDesignName>
<allowColumnReorder>false</allowColumnReorder>
<existDependencyGenerateInDDl>true</existDependencyGenerateInDDl>
<parsed>true</parsed>
<columns itemClass="oracle.dbtools.crest.model.design.relational.Column">
<Column name="author_id" id="B24242FA-DF18-F541-CA6B-01610ECFE708">
<createdBy>PteFe</createdBy>
<createdTime>2024-09-16 09:04:55 UTC</createdTime>
<commentInRDBMS><![CDATA[This field serves as the unique identifier for an author, stored as a numeric value with a precision of 4 digits.]]></commentInRDBMS>
<generatorID>32B79199-90D0-7A71-FCE4-2D9BF4DF673E</generatorID>
<ownerDesignName>rcl_logica</ownerDesignName>
<useDomainConstraints>false</useDomainConstraints>
<use>1</use>
<logicalDatatype>LOGDT019</logicalDatatype>
<dataTypePrecision>4</dataTypePrecision>
<ownDataTypeParameters>,4,</ownDataTypeParameters>
<autoIncrementCycle>false</autoIncrementCycle>
</Column>
<Column name="author_fname" id="C445BB35-B457-C9F2-EB83-0C1C122EB52F">
<createdBy>PteFe</createdBy>
<createdTime>2024-09-16 09:04:55 UTC</createdTime>
<commentInRDBMS><![CDATA[This field stores the first name of the author as a VARCHAR with a length of up to 30 characters, and it is a mandatory field.]]></commentInRDBMS>
<generatorID>6E6FC515-FF9A-BA61-F766-4B892C6A05A2</generatorID>
<ownerDesignName>rcl_logica</ownerDesignName>
<useDomainConstraints>false</useDomainConstraints>
<use>1</use>
<logicalDatatype>LOGDT024</logicalDatatype>
<dataTypeSize>30</dataTypeSize>
<ownDataTypeParameters>30,,</ownDataTypeParameters>
<autoIncrementCycle>false</autoIncrementCycle>
</Column>
<Column name="author_lname" id="0404EFC3-D242-4A13-F737-57D9941C4797">
<createdBy>PteFe</createdBy>
<createdTime>2024-09-16 09:04:55 UTC</createdTime>
<commentInRDBMS><![CDATA[This field stores the last name of the author as a VARCHAR with a length of up to 30 characters, and it is a mandatory field.]]></commentInRDBMS>
<generatorID>AB8FA19E-F661-E4D2-8B1B-2ECC73A16D43</generatorID>
<ownerDesignName>rcl_logica</ownerDesignName>
<useDomainConstraints>false</useDomainConstraints>
<use>1</use>
<logicalDatatype>LOGDT024</logicalDatatype>
<dataTypeSize>30</dataTypeSize>
<ownDataTypeParameters>30,,</ownDataTypeParameters>
<autoIncrementCycle>false</autoIncrementCycle>
</Column>
</columns>
<indexes itemClass="oracle.dbtools.crest.model.design.relational.Index">
<ind_PK_UK id="DC4608F6-097E-8482-A4E9-F95B686F12D4" name="AUTHORSHIP_PK">
<createdBy>PteFe</createdBy>
<createdTime>2024-09-16 09:04:55 UTC</createdTime>
<generatorID>089B2568-6EB0-DEF2-994F-297C0FA92CF0</generatorID>
<ownerDesignName>rcl_logica</ownerDesignName>
<pk>true</pk>
<indexState>Primary Constraint</indexState>
<isSurrogateKey>false</isSurrogateKey>
<indexColumnUsage>
<colUsage columnID="B24242FA-DF18-F541-CA6B-01610ECFE708"/>
</indexColumnUsage>
</ind_PK_UK>
</indexes>
</Table>
