<?xml version = '1.0' encoding = 'UTF-8'?>
<Table class="oracle.dbtools.crest.model.design.relational.Table" directorySegmentName="seg_0" id="7CB9AE9B-DE13-D01E-BCFA-EA0DD6404BE8" name="RESERVATIOH">
<createdBy>PteFe</createdBy>
<createdTime>2024-09-16 09:04:55 UTC</createdTime>
<generatorID>4545FD9F-21FC-F7EF-D9B8-64B08D1F37C1</generatorID>
<ownerDesignName>rcl_logica</ownerDesignName>
<allowColumnReorder>false</allowColumnReorder>
<existDependencyGenerateInDDl>true</existDependencyGenerateInDDl>
<parsed>true</parsed>
<columns itemClass="oracle.dbtools.crest.model.design.relational.Column">
<Column name="reservation_datetime" id="ACEF7E55-8492-0262-5A70-8E224B18D019">
<createdBy>PteFe</createdBy>
<createdTime>2024-09-16 09:04:55 UTC</createdTime>
<commentInRDBMS><![CDATA[The reservation_datetime stores the unique date and time of a reservation and serves as the primary key.]]></commentInRDBMS>
<generatorID>2AED047E-5F61-AA1F-5B03-F96D196E50CA</generatorID>
<ownerDesignName>rcl_logica</ownerDesignName>
<useDomainConstraints>false</useDomainConstraints>
<use>1</use>
<logicalDatatype>LOGDT007</logicalDatatype>
<ownDataTypeParameters>,,</ownDataTypeParameters>
<autoIncrementCycle>false</autoIncrementCycle>
</Column>
<Column name="borrower_no" id="67B8A0F7-347A-F678-2AC7-71E6C481D5DA">
<createdBy>PteFe</createdBy>
<createdTime>2024-09-16 09:04:55 UTC</createdTime>
<commentInRDBMS><![CDATA[Borrower identification number]]></commentInRDBMS>
<generatorID>D29169C1-0A44-0B3D-FE51-989B49FF47FC</generatorID>
<ownerDesignName>rcl_logica</ownerDesignName>
<useDomainConstraints>false</useDomainConstraints>
<use>1</use>
<logicalDatatype>LOGDT019</logicalDatatype>
<dataTypePrecision>5</dataTypePrecision>
<ownDataTypeParameters>,,</ownDataTypeParameters>
<previousColumn>false</previousColumn>
<autoIncrementCycle>false</autoIncrementCycle>
<associations>
<colAssociation fkAssociation="1AEF75C8-98EA-EC78-235C-AE397D3E1743" referredColumn="429F75B9-E86D-A079-2270-07020C8E4E03"/>
</associations>
</Column>
<Column name="copy_id" id="9C72D794-37EF-A4A1-CD4A-263D44EB525C">
<createdBy>PteFe</createdBy>
<createdTime>2024-09-16 09:04:55 UTC</createdTime>
<commentInRDBMS><![CDATA[Unique identifier for a copy of an item]]></commentInRDBMS>
<generatorID>36BE32FB-4DEB-691A-EBDF-005EAC5D3908</generatorID>
<ownerDesignName>rcl_logica</ownerDesignName>
<useDomainConstraints>false</useDomainConstraints>
<use>1</use>
<logicalDatatype>LOGDT019</logicalDatatype>
<dataTypePrecision>5</dataTypePrecision>
<ownDataTypeParameters>,,</ownDataTypeParameters>
<previousColumn>false</previousColumn>
<autoIncrementCycle>false</autoIncrementCycle>
<associations>
<colAssociation fkAssociation="750C4F5E-3993-1132-C2DF-10CE629C5656" referredColumn="4871C81D-9FD9-706F-846D-E4A513BB19B3"/>
</associations>
</Column>
<Column name="branch_code" id="3338CD5C-DE21-41EB-7670-8C4A9478A23E">
<createdBy>PteFe</createdBy>
<createdTime>2024-09-16 09:04:55 UTC</createdTime>
<commentInRDBMS><![CDATA[BRANCH code]]></commentInRDBMS>
<generatorID>EEEF3029-D74B-09E9-43A6-5E46EF0AAB26</generatorID>
<ownerDesignName>rcl_logica</ownerDesignName>
<useDomainConstraints>false</useDomainConstraints>
<use>1</use>
<logicalDatatype>LOGDT019</logicalDatatype>
<dataTypePrecision>3</dataTypePrecision>
<ownDataTypeParameters>,,</ownDataTypeParameters>
<previousColumn>false</previousColumn>
<autoIncrementCycle>false</autoIncrementCycle>
<associations>
<colAssociation fkAssociation="750C4F5E-3993-1132-C2DF-10CE629C5656" referredColumn="F2DF14B3-163D-681C-E55C-01EC9DC5CC3E"/>
</associations>
</Column>
</columns>
<indexes itemClass="oracle.dbtools.crest.model.design.relational.Index">
<ind_PK_UK id="94991EDA-186D-384A-8DA6-F2172A375C51" name="RESERVATIOH_PK">
<createdBy>PteFe</createdBy>
<createdTime>2024-09-16 09:04:55 UTC</createdTime>
<generatorID>358206A5-90D6-29B9-9797-9E1DDF7AEA69</generatorID>
<ownerDesignName>rcl_logica</ownerDesignName>
<pk>true</pk>
<indexState>Primary Constraint</indexState>
<isSurrogateKey>false</isSurrogateKey>
<indexColumnUsage>
<colUsage columnID="ACEF7E55-8492-0262-5A70-8E224B18D019"/>
<colUsage columnID="67B8A0F7-347A-F678-2AC7-71E6C481D5DA"/>
</indexColumnUsage>
</ind_PK_UK>
<ind_PK_UK id="51C69342-A872-00CB-867D-1D3D4CE209E1" name="borrower_reservation_fk">
<createdBy>PteFe</createdBy>
<createdTime>2024-09-16 09:04:55 UTC</createdTime>
<generatorID>5A98B29C-0B28-4D5B-F850-7C56C8E46B45</generatorID>
<ownerDesignName>rcl_logica</ownerDesignName>
<indexState>Foreign Key</indexState>
<isSurrogateKey>false</isSurrogateKey>
<indexColumnUsage>
<colUsage columnID="67B8A0F7-347A-F678-2AC7-71E6C481D5DA"/>
</indexColumnUsage>
</ind_PK_UK>
<ind_PK_UK id="B9049D53-9D9E-4909-2D33-B734011589B3" name="copy_reservation">
<createdBy>PteFe</createdBy>
<createdTime>2024-09-16 09:04:55 UTC</createdTime>
<generatorID>CA9A1186-7D8E-7FED-C8A9-B4A3B676A58D</generatorID>
<ownerDesignName>rcl_logica</ownerDesignName>
<indexState>Foreign Key</indexState>
<isSurrogateKey>false</isSurrogateKey>
<indexColumnUsage>
<colUsage columnID="9C72D794-37EF-A4A1-CD4A-263D44EB525C"/>
<colUsage columnID="3338CD5C-DE21-41EB-7670-8C4A9478A23E"/>
</indexColumnUsage>
</ind_PK_UK>
</indexes>
</Table>
