<?xml version = '1.0' encoding = 'UTF-8'?>
<Table class="oracle.dbtools.crest.model.design.relational.Table" directorySegmentName="seg_0" id="7F4FBE61-97F0-33E2-E470-8CD58FD6FCF0" name="BORROWER">
<createdBy>PteFe</createdBy>
<createdTime>2024-09-16 09:04:55 UTC</createdTime>
<generatorID>C079DC54-CC8E-3164-AF18-AC450E4B64A8</generatorID>
<ownerDesignName>rcl_logica</ownerDesignName>
<allowColumnReorder>false</allowColumnReorder>
<existDependencyGenerateInDDl>true</existDependencyGenerateInDDl>
<parsed>true</parsed>
<columns itemClass="oracle.dbtools.crest.model.design.relational.Column">
<Column name="borrower_no" id="429F75B9-E86D-A079-2270-07020C8E4E03">
<createdBy>PteFe</createdBy>
<createdTime>2024-09-16 09:04:55 UTC</createdTime>
<commentInRDBMS><![CDATA[Borrower identification number]]></commentInRDBMS>
<generatorID>0A676BD2-1126-E7CE-678E-F086C50118D9</generatorID>
<ownerDesignName>rcl_logica</ownerDesignName>
<useDomainConstraints>false</useDomainConstraints>
<use>1</use>
<logicalDatatype>LOGDT019</logicalDatatype>
<dataTypePrecision>5</dataTypePrecision>
<ownDataTypeParameters>,5,</ownDataTypeParameters>
<autoIncrementCycle>false</autoIncrementCycle>
</Column>
<Column name="borrower_fname" id="02A1EB38-5230-73AC-A3C6-D8335723973C">
<createdBy>PteFe</createdBy>
<createdTime>2024-09-16 09:04:55 UTC</createdTime>
<commentInRDBMS><![CDATA[borrower's first name]]></commentInRDBMS>
<generatorID>06DAFB79-DD94-3CA1-DC3F-EA5762C50CDA</generatorID>
<ownerDesignName>rcl_logica</ownerDesignName>
<useDomainConstraints>false</useDomainConstraints>
<use>1</use>
<logicalDatatype>LOGDT024</logicalDatatype>
<dataTypeSize>30</dataTypeSize>
<ownDataTypeParameters>30,,</ownDataTypeParameters>
<autoIncrementCycle>false</autoIncrementCycle>
</Column>
<Column name="borrower_lname" id="B695A73D-88F7-5A5D-410E-D7CCCD68FCB1">
<createdBy>PteFe</createdBy>
<createdTime>2024-09-16 09:04:55 UTC</createdTime>
<commentInRDBMS><![CDATA[ borrower's last name.]]></commentInRDBMS>
<generatorID>E7EC1391-E358-C17D-C494-5CCAEFC16673</generatorID>
<ownerDesignName>rcl_logica</ownerDesignName>
<useDomainConstraints>false</useDomainConstraints>
<use>1</use>
<logicalDatatype>LOGDT024</logicalDatatype>
<dataTypeSize>30</dataTypeSize>
<ownDataTypeParameters>30,,</ownDataTypeParameters>
<autoIncrementCycle>false</autoIncrementCycle>
</Column>
<Column name="borrower_postcode" id="1CE94693-06EB-92A7-5F84-B485B0DDD729">
<createdBy>PteFe</createdBy>
<createdTime>2024-09-16 09:04:55 UTC</createdTime>
<commentInRDBMS><![CDATA[ borrower's post code]]></commentInRDBMS>
<generatorID>27AE0F5A-7494-5469-B913-9A7D10075F1E</generatorID>
<ownerDesignName>rcl_logica</ownerDesignName>
<useDomainConstraints>false</useDomainConstraints>
<use>1</use>
<logicalDatatype>LOGDT019</logicalDatatype>
<dataTypePrecision>4</dataTypePrecision>
<ownDataTypeParameters>,4,</ownDataTypeParameters>
<autoIncrementCycle>false</autoIncrementCycle>
</Column>
<Column name="borrower_street_address" id="0573B7C6-0D6A-0958-7BD4-ACD51E8F7E1C">
<createdBy>PteFe</createdBy>
<createdTime>2024-09-16 09:04:55 UTC</createdTime>
<commentInRDBMS><![CDATA[ borrower's address]]></commentInRDBMS>
<generatorID>025EE39C-3A69-1BC1-4119-A0F614A80982</generatorID>
<ownerDesignName>rcl_logica</ownerDesignName>
<useDomainConstraints>false</useDomainConstraints>
<use>1</use>
<logicalDatatype>LOGDT024</logicalDatatype>
<dataTypeSize>50</dataTypeSize>
<ownDataTypeParameters>50,,</ownDataTypeParameters>
<autoIncrementCycle>false</autoIncrementCycle>
</Column>
<Column name="borrower_town" id="D5EB9F70-6C55-1280-ACF6-6B2BB1C52718">
<createdBy>PteFe</createdBy>
<createdTime>2024-09-16 09:04:55 UTC</createdTime>
<commentInRDBMS><![CDATA[ borrower's town]]></commentInRDBMS>
<generatorID>BE639D56-2A76-3AFA-D86A-EA93F52E263D</generatorID>
<ownerDesignName>rcl_logica</ownerDesignName>
<useDomainConstraints>false</useDomainConstraints>
<use>1</use>
<logicalDatatype>LOGDT024</logicalDatatype>
<dataTypeSize>30</dataTypeSize>
<ownDataTypeParameters>30,,</ownDataTypeParameters>
<autoIncrementCycle>false</autoIncrementCycle>
</Column>
<Column name="borrower_state" id="AED56635-6642-1B1C-DB3D-E65A04CA46B9">
<createdBy>PteFe</createdBy>
<createdTime>2024-09-16 09:04:55 UTC</createdTime>
<commentInRDBMS><![CDATA[ borrower's state]]></commentInRDBMS>
<generatorID>4244FB95-BF46-D993-2946-26F11FD7135E</generatorID>
<ownerDesignName>rcl_logica</ownerDesignName>
<useDomainConstraints>false</useDomainConstraints>
<use>1</use>
<logicalDatatype>LOGDT025</logicalDatatype>
<dataTypeSize>3</dataTypeSize>
<ownDataTypeParameters>3,,</ownDataTypeParameters>
<autoIncrementCycle>false</autoIncrementCycle>
</Column>
<Column name="branch_code" id="EDA9A1BA-E35C-7D77-4CE6-DEB549E07EDA">
<createdBy>PteFe</createdBy>
<createdTime>2024-09-16 09:04:55 UTC</createdTime>
<commentInRDBMS><![CDATA[BRANCH code]]></commentInRDBMS>
<generatorID>92237416-9BD4-9876-15BE-3A87E7B136B4</generatorID>
<ownerDesignName>rcl_logica</ownerDesignName>
<useDomainConstraints>false</useDomainConstraints>
<use>1</use>
<logicalDatatype>LOGDT019</logicalDatatype>
<dataTypePrecision>3</dataTypePrecision>
<ownDataTypeParameters>,,</ownDataTypeParameters>
<previousColumn>false</previousColumn>
<autoIncrementCycle>false</autoIncrementCycle>
<associations>
<colAssociation fkAssociation="FBAE5EE7-143C-14FA-FD69-1702C3CA3D91" referredColumn="62B485F2-BC20-F624-A4CF-E3DC2F681765"/>
</associations>
</Column>
<Column name="borrower_status" id="9760D223-D16B-1D82-2495-362F32D8D31A">
<createdBy>PteFe</createdBy>
<createdTime>2024-09-16 09:04:55 UTC</createdTime>
<commentInRDBMS><![CDATA[The borrower_status stores a mandatory single-character code representing the borrowers status.]]></commentInRDBMS>
<generatorID>19D010FF-C573-21E4-BBF1-662E7E4C99B6</generatorID>
<ownerDesignName>rcl_logica</ownerDesignName>
<useDomainConstraints>false</useDomainConstraints>
<use>1</use>
<logicalDatatype>LOGDT025</logicalDatatype>
<dataTypeSize>1</dataTypeSize>
<listOfValues>
<valueDef value="&apos;P &apos;" description="Permitted"/>
<valueDef value="B" description="Banned"/>
</listOfValues>
<ownDataTypeParameters>1,,</ownDataTypeParameters>
<autoIncrementCycle>false</autoIncrementCycle>
</Column>
<Column name="class_id" id="241233C4-BC75-C8EE-8F8D-3306B33A4955">
<createdBy>PteFe</createdBy>
<createdTime>2024-09-16 09:04:55 UTC</createdTime>
<commentInRDBMS><![CDATA[The class_id stores the unique identifier for a class as a numeric value, serving as the primary key.]]></commentInRDBMS>
<generatorID>FC5F3236-D6DA-475D-659A-CF7C2AC8D4AE</generatorID>
<ownerDesignName>rcl_logica</ownerDesignName>
<useDomainConstraints>false</useDomainConstraints>
<use>1</use>
<logicalDatatype>LOGDT019</logicalDatatype>
<dataTypePrecision>1</dataTypePrecision>
<ownDataTypeParameters>,,</ownDataTypeParameters>
<previousColumn>false</previousColumn>
<autoIncrementCycle>false</autoIncrementCycle>
<associations>
<colAssociation fkAssociation="1F9166DD-264F-F48E-6DE5-F0A3B0BC1566" referredColumn="616CF3DB-3B82-F52E-B1E5-C55FD127D3CB"/>
</associations>
</Column>
<Column name="borrower_phone" id="B47A7B90-A489-E3F0-17DA-BF3908616700">
<createdBy>PteFe</createdBy>
<createdTime>2024-09-16 09:04:55 UTC</createdTime>
<commentInRDBMS><![CDATA[The borrower_phone stores the borrower's phone number as a string with a length of up to 10 characters.]]></commentInRDBMS>
<generatorID>10CD0CD2-8F7A-B32D-73E5-10F7103564A4</generatorID>
<ownerDesignName>rcl_logica</ownerDesignName>
<nullsAllowed>true</nullsAllowed>
<useDomainConstraints>false</useDomainConstraints>
<use>1</use>
<logicalDatatype>LOGDT025</logicalDatatype>
<dataTypeSize>10</dataTypeSize>
<ownDataTypeParameters>10,,</ownDataTypeParameters>
<autoIncrementCycle>false</autoIncrementCycle>
</Column>
</columns>
<indexes itemClass="oracle.dbtools.crest.model.design.relational.Index">
<ind_PK_UK id="0B189E88-18EC-6786-9E96-7668584A45F7" name="BORROWER_PK">
<createdBy>PteFe</createdBy>
<createdTime>2024-09-16 09:04:55 UTC</createdTime>
<generatorID>7167D2C0-109A-C58C-1914-73B791EE4AC4</generatorID>
<ownerDesignName>rcl_logica</ownerDesignName>
<pk>true</pk>
<indexState>Primary Constraint</indexState>
<isSurrogateKey>false</isSurrogateKey>
<indexColumnUsage>
<colUsage columnID="429F75B9-E86D-A079-2270-07020C8E4E03"/>
</indexColumnUsage>
</ind_PK_UK>
<ind_PK_UK id="211C207F-9202-F43E-6DAA-F928600BA069" name="borrower_branch_fk">
<createdBy>PteFe</createdBy>
<createdTime>2024-09-16 09:04:55 UTC</createdTime>
<generatorID>70008536-D74B-3C32-FDCF-2DFF6400DBE7</generatorID>
<ownerDesignName>rcl_logica</ownerDesignName>
<indexState>Foreign Key</indexState>
<isSurrogateKey>false</isSurrogateKey>
<indexColumnUsage>
<colUsage columnID="EDA9A1BA-E35C-7D77-4CE6-DEB549E07EDA"/>
</indexColumnUsage>
</ind_PK_UK>
<ind_PK_UK id="5F804085-A443-EE15-7165-C3745A4F003E" name="class_borrower_fk">
<createdBy>PteFe</createdBy>
<createdTime>2024-09-16 09:04:55 UTC</createdTime>
<generatorID>B7B87C85-4816-12F6-1FD2-808163541319</generatorID>
<ownerDesignName>rcl_logica</ownerDesignName>
<indexState>Foreign Key</indexState>
<isSurrogateKey>false</isSurrogateKey>
<indexColumnUsage>
<colUsage columnID="241233C4-BC75-C8EE-8F8D-3306B33A4955"/>
</indexColumnUsage>
</ind_PK_UK>
</indexes>
</Table>
