<?xml version = '1.0' encoding = 'UTF-8'?>
<Table class="oracle.dbtools.crest.model.design.relational.Table" directorySegmentName="seg_0" id="824AD1A6-8EC2-4DEB-210E-D66A3CEB77F5" name="PUBLISHER">
<createdBy>PteFe</createdBy>
<createdTime>2024-09-16 09:04:55 UTC</createdTime>
<generatorID>24FE60B7-34CE-37C3-9DF0-23DD2761B6E8</generatorID>
<ownerDesignName>rcl_logica</ownerDesignName>
<allowColumnReorder>false</allowColumnReorder>
<existDependencyGenerateInDDl>true</existDependencyGenerateInDDl>
<parsed>true</parsed>
<columns itemClass="oracle.dbtools.crest.model.design.relational.Column">
<Column name="publisher_id" id="FACA74CC-3A57-0023-2010-DD28AC970285">
<createdBy>PteFe</createdBy>
<createdTime>2024-09-16 09:04:55 UTC</createdTime>
<commentInRDBMS><![CDATA[Represents the unique code for the publisher]]></commentInRDBMS>
<generatorID>F69E3554-E545-98EF-3B11-D9CA43902E70</generatorID>
<ownerDesignName>rcl_logica</ownerDesignName>
<useDomainConstraints>false</useDomainConstraints>
<use>1</use>
<logicalDatatype>LOGDT019</logicalDatatype>
<dataTypePrecision>4</dataTypePrecision>
<ownDataTypeParameters>,4,</ownDataTypeParameters>
<autoIncrementCycle>false</autoIncrementCycle>
</Column>
<Column name="publisher_name" id="24DF4BF7-CFD1-0C97-093B-4733C7BF4F5C">
<createdBy>PteFe</createdBy>
<createdTime>2024-09-16 09:04:55 UTC</createdTime>
<commentInRDBMS><![CDATA[Stores the name of the publisher, limited to 50 characters, and is a required field.]]></commentInRDBMS>
<generatorID>8492ABD2-0608-33C9-4068-411E976FC892</generatorID>
<ownerDesignName>rcl_logica</ownerDesignName>
<useDomainConstraints>false</useDomainConstraints>
<use>1</use>
<logicalDatatype>LOGDT024</logicalDatatype>
<dataTypeSize>50</dataTypeSize>
<ownDataTypeParameters>50,,</ownDataTypeParameters>
<autoIncrementCycle>false</autoIncrementCycle>
</Column>
</columns>
<indexes itemClass="oracle.dbtools.crest.model.design.relational.Index">
<ind_PK_UK id="F166BF24-497B-6643-20E5-62D53D4D0B1F" name="PUBLISHER_PK">
<createdBy>PteFe</createdBy>
<createdTime>2024-09-16 09:04:55 UTC</createdTime>
<generatorID>3212E466-812A-2C8C-7040-77CC33A173E0</generatorID>
<ownerDesignName>rcl_logica</ownerDesignName>
<pk>true</pk>
<indexState>Primary Constraint</indexState>
<isSurrogateKey>false</isSurrogateKey>
<indexColumnUsage>
<colUsage columnID="FACA74CC-3A57-0023-2010-DD28AC970285"/>
</indexColumnUsage>
</ind_PK_UK>
</indexes>
</Table>
