<?xml version = '1.0' encoding = 'UTF-8'?>
<Table class="oracle.dbtools.crest.model.design.relational.Table" directorySegmentName="seg_0" id="89F2B1E8-73CC-D522-D1D5-6E464AE39F76" name="CLASS">
<createdBy>PteFe</createdBy>
<createdTime>2024-09-16 09:04:55 UTC</createdTime>
<generatorID>E271EFF5-23C4-F867-1F25-262D1DDC5E65</generatorID>
<ownerDesignName>rcl_logica</ownerDesignName>
<allowColumnReorder>false</allowColumnReorder>
<existDependencyGenerateInDDl>true</existDependencyGenerateInDDl>
<parsed>true</parsed>
<columns itemClass="oracle.dbtools.crest.model.design.relational.Column">
<Column name="class_id" id="616CF3DB-3B82-F52E-B1E5-C55FD127D3CB">
<createdBy>PteFe</createdBy>
<createdTime>2024-09-16 09:04:55 UTC</createdTime>
<commentInRDBMS><![CDATA[The class_id stores the unique identifier for a class as a numeric value, serving as the primary key.]]></commentInRDBMS>
<generatorID>DC6818E5-E61A-B921-785A-97DEBB5929DC</generatorID>
<ownerDesignName>rcl_logica</ownerDesignName>
<useDomainConstraints>false</useDomainConstraints>
<use>1</use>
<logicalDatatype>LOGDT019</logicalDatatype>
<dataTypePrecision>1</dataTypePrecision>
<ownDataTypeParameters>,1,</ownDataTypeParameters>
<autoIncrementCycle>false</autoIncrementCycle>
</Column>
<Column name="class_name" id="70FE0D57-B61D-7E7D-65AB-B4193BF95F1D">
<createdBy>PteFe</createdBy>
<createdTime>2024-09-16 09:04:55 UTC</createdTime>
<commentInRDBMS><![CDATA[The class_name stores the mandatory name of a class as a string with up to 20 characters.]]></commentInRDBMS>
<generatorID>3DA6FA69-D921-9853-4394-0A49B3A45AB9</generatorID>
<ownerDesignName>rcl_logica</ownerDesignName>
<useDomainConstraints>false</useDomainConstraints>
<use>1</use>
<logicalDatatype>LOGDT024</logicalDatatype>
<dataTypeSize>20</dataTypeSize>
<ownDataTypeParameters>20,,</ownDataTypeParameters>
<autoIncrementCycle>false</autoIncrementCycle>
</Column>
<Column name="class_loan_limit" id="F886C0F8-47B9-3045-A30A-260830A05FEF">
<createdBy>PteFe</createdBy>
<createdTime>2024-09-16 09:04:55 UTC</createdTime>
<commentInRDBMS><![CDATA[The class_loan_limit stores a mandatory numeric value representing the loan limit for a class.]]></commentInRDBMS>
<generatorID>7E61A1FE-1309-59F3-9F35-AD2366D630F0</generatorID>
<ownerDesignName>rcl_logica</ownerDesignName>
<useDomainConstraints>false</useDomainConstraints>
<use>1</use>
<logicalDatatype>LOGDT019</logicalDatatype>
<dataTypePrecision>2</dataTypePrecision>
<ownDataTypeParameters>,2,</ownDataTypeParameters>
<autoIncrementCycle>false</autoIncrementCycle>
</Column>
<Column name="class_loan_period" id="B6CE46F9-E3A7-0C6D-F26E-8969B8ED4C61">
<createdBy>PteFe</createdBy>
<createdTime>2024-09-16 09:04:55 UTC</createdTime>
<commentInRDBMS><![CDATA[The class_loan_period stores the loan period for a class as a numeric value.]]></commentInRDBMS>
<generatorID>B87D9BAA-6239-73EF-59B1-3C8289632840</generatorID>
<ownerDesignName>rcl_logica</ownerDesignName>
<useDomainConstraints>false</useDomainConstraints>
<use>1</use>
<logicalDatatype>LOGDT019</logicalDatatype>
<dataTypePrecision>3</dataTypePrecision>
<ownDataTypeParameters>,3,</ownDataTypeParameters>
<autoIncrementCycle>false</autoIncrementCycle>
</Column>
</columns>
<indexes itemClass="oracle.dbtools.crest.model.design.relational.Index">
<ind_PK_UK id="A7D5274F-56D1-F552-8FAE-458F74F53E31" name="CLASS_PK">
<createdBy>PteFe</createdBy>
<createdTime>2024-09-16 09:04:55 UTC</createdTime>
<generatorID>0658B584-9E2A-B85E-DB65-2A09EDC421C9</generatorID>
<ownerDesignName>rcl_logica</ownerDesignName>
<pk>true</pk>
<indexState>Primary Constraint</indexState>
<isSurrogateKey>false</isSurrogateKey>
<indexColumnUsage>
<colUsage columnID="616CF3DB-3B82-F52E-B1E5-C55FD127D3CB"/>
</indexColumnUsage>
</ind_PK_UK>
</indexes>
</Table>
