<?xml version = '1.0' encoding = 'UTF-8'?>
<Table class="oracle.dbtools.crest.model.design.relational.Table" directorySegmentName="seg_0" id="8C8FD470-428C-C765-9F58-32D388E08D6A" name="MANAGER">
<createdBy>PteFe</createdBy>
<createdTime>2024-09-16 09:04:55 UTC</createdTime>
<generatorID>AF29F63A-C594-BCD8-CDDA-BE9173A2F035</generatorID>
<ownerDesignName>rcl_logica</ownerDesignName>
<allowColumnReorder>false</allowColumnReorder>
<existDependencyGenerateInDDl>true</existDependencyGenerateInDDl>
<parsed>true</parsed>
<columns itemClass="oracle.dbtools.crest.model.design.relational.Column">
<Column name="manager_id" id="3D187551-4626-DFB3-3B55-A6C20FB039C9">
<createdBy>PteFe</createdBy>
<createdTime>2024-09-16 09:04:55 UTC</createdTime>
<commentInRDBMS><![CDATA[Manager identification number]]></commentInRDBMS>
<generatorID>895A0871-6F63-3896-57D1-D078408F10E4</generatorID>
<ownerDesignName>rcl_logica</ownerDesignName>
<useDomainConstraints>false</useDomainConstraints>
<use>1</use>
<logicalDatatype>LOGDT019</logicalDatatype>
<dataTypePrecision>3</dataTypePrecision>
<ownDataTypeParameters>,3,</ownDataTypeParameters>
<autoIncrementCycle>false</autoIncrementCycle>
</Column>
<Column name="manager_fname" id="C1EC3DA6-DE3D-FABA-103A-9954255434B4">
<createdBy>PteFe</createdBy>
<createdTime>2024-09-16 09:04:55 UTC</createdTime>
<commentInRDBMS><![CDATA[Manager first name]]></commentInRDBMS>
<generatorID>73F4F606-BFEF-5EDC-36A5-FA83D1DB902A</generatorID>
<ownerDesignName>rcl_logica</ownerDesignName>
<nullsAllowed>true</nullsAllowed>
<useDomainConstraints>false</useDomainConstraints>
<use>1</use>
<logicalDatatype>LOGDT024</logicalDatatype>
<dataTypeSize>30</dataTypeSize>
<ownDataTypeParameters>30,,</ownDataTypeParameters>
<autoIncrementCycle>false</autoIncrementCycle>
</Column>
<Column name="manager_lname" id="587336C1-1D6C-AB8E-51E0-3D3E49BA1466">
<createdBy>PteFe</createdBy>
<createdTime>2024-09-16 09:04:55 UTC</createdTime>
<commentInRDBMS><![CDATA[Manager last name]]></commentInRDBMS>
<generatorID>D7587DE0-8978-D229-28AB-B62E0347AEE7</generatorID>
<ownerDesignName>rcl_logica</ownerDesignName>
<nullsAllowed>true</nullsAllowed>
<useDomainConstraints>false</useDomainConstraints>
<use>1</use>
<logicalDatatype>LOGDT024</logicalDatatype>
<dataTypeSize>30</dataTypeSize>
<ownDataTypeParameters>30,,</ownDataTypeParameters>
<autoIncrementCycle>false</autoIncrementCycle>
</Column>
<Column name="manager_phone" id="A73C63B4-893D-9AD4-9912-DF2034634330">
<createdBy>PteFe</createdBy>
<createdTime>2024-09-16 09:04:55 UTC</createdTime>
<commentInRDBMS><![CDATA[Manager phone number]]></commentInRDBMS>
<generatorID>8BB61184-EFBC-1B24-83EA-4A12609203EB</generatorID>
<ownerDesignName>rcl_logica</ownerDesignName>
<nullsAllowed>true</nullsAllowed>
<useDomainConstraints>false</useDomainConstraints>
<use>1</use>
<logicalDatatype>LOGDT025</logicalDatatype>
<dataTypeSize>10</dataTypeSize>
<ownDataTypeParameters>10,,</ownDataTypeParameters>
<autoIncrementCycle>false</autoIncrementCycle>
</Column>
<Column name="branch_code" id="7AD1E3D6-2523-651F-141C-E842D509EA65">
<createdBy>PteFe</createdBy>
<createdTime>2024-09-16 09:04:55 UTC</createdTime>
<commentInRDBMS><![CDATA[BRANCH code]]></commentInRDBMS>
<generatorID>9AD67166-317D-E2A8-C799-4A22E13C85CB</generatorID>
<ownerDesignName>rcl_logica</ownerDesignName>
<useDomainConstraints>false</useDomainConstraints>
<use>1</use>
<logicalDatatype>LOGDT019</logicalDatatype>
<dataTypePrecision>3</dataTypePrecision>
<ownDataTypeParameters>,,</ownDataTypeParameters>
<previousColumn>false</previousColumn>
<autoIncrementCycle>false</autoIncrementCycle>
<associations>
<colAssociation fkAssociation="684D427D-09CA-4C3E-C5BA-DFE4F9C98E2E" referredColumn="62B485F2-BC20-F624-A4CF-E3DC2F681765"/>
</associations>
</Column>
</columns>
<indexes itemClass="oracle.dbtools.crest.model.design.relational.Index">
<ind_PK_UK id="91B9460F-14E7-903D-8FD0-AE42BEC4F5E6" name="MANAGER_PK">
<createdBy>PteFe</createdBy>
<createdTime>2024-09-16 09:04:55 UTC</createdTime>
<generatorID>3908C6DC-4785-2D4E-DDA2-60F305C44766</generatorID>
<ownerDesignName>rcl_logica</ownerDesignName>
<pk>true</pk>
<indexState>Primary Constraint</indexState>
<isSurrogateKey>false</isSurrogateKey>
<indexColumnUsage>
<colUsage columnID="3D187551-4626-DFB3-3B55-A6C20FB039C9"/>
</indexColumnUsage>
</ind_PK_UK>
<ind_PK_UK id="DE069554-BEE6-419E-329D-0EB94E92622C" name="MANAGER__IDX">
<createdBy>PteFe</createdBy>
<createdTime>2024-09-16 09:04:55 UTC</createdTime>
<ownerDesignName>rcl_logica</ownerDesignName>
<indexState>Unique Plain Index</indexState>
<isSurrogateKey>false</isSurrogateKey>
<relationGeneratorID>DCEC5DC9-D3FA-0264-8DE2-1F2BEE35BC41</relationGeneratorID>
<indexColumnUsage>
<colUsage columnID="7AD1E3D6-2523-651F-141C-E842D509EA65"/>
</indexColumnUsage>
</ind_PK_UK>
<ind_PK_UK id="D43673DF-14D5-406C-2A3F-CACDF7A1CB27" name="branch_manager_fk">
<createdBy>PteFe</createdBy>
<createdTime>2024-09-16 09:04:55 UTC</createdTime>
<generatorID>DCEC5DC9-D3FA-0264-8DE2-1F2BEE35BC41</generatorID>
<ownerDesignName>rcl_logica</ownerDesignName>
<indexState>Foreign Key</indexState>
<isSurrogateKey>false</isSurrogateKey>
<indexColumnUsage>
<colUsage columnID="7AD1E3D6-2523-651F-141C-E842D509EA65"/>
</indexColumnUsage>
</ind_PK_UK>
</indexes>
</Table>
