<?xml version = '1.0' encoding = 'UTF-8'?>
<Table class="oracle.dbtools.crest.model.design.relational.Table" directorySegmentName="seg_0" id="B0B4454E-602E-4A17-92AA-2A24740AD9AC" name="ENTRY">
<createdBy>PteFe</createdBy>
<createdTime>2024-09-16 09:04:55 UTC</createdTime>
<generatorID>7D4409A5-498F-F726-09EB-2639972789BF</generatorID>
<ownerDesignName>rcl_logica</ownerDesignName>
<allowColumnReorder>false</allowColumnReorder>
<existDependencyGenerateInDDl>true</existDependencyGenerateInDDl>
<parsed>true</parsed>
<columns itemClass="oracle.dbtools.crest.model.design.relational.Column">
<Column name="entry_call_no" id="BC4DFB99-C179-59AD-92A8-8999397BEFB6">
<createdBy>PteFe</createdBy>
<createdTime>2024-09-16 09:04:55 UTC</createdTime>
<commentInRDBMS><![CDATA[Unique call number for the entry]]></commentInRDBMS>
<generatorID>04797CBA-1BA9-26F2-B50C-E8CAD52DC4BC</generatorID>
<ownerDesignName>rcl_logica</ownerDesignName>
<useDomainConstraints>false</useDomainConstraints>
<use>1</use>
<logicalDatatype>LOGDT024</logicalDatatype>
<dataTypeSize>30</dataTypeSize>
<ownDataTypeParameters>30,,</ownDataTypeParameters>
<autoIncrementCycle>false</autoIncrementCycle>
</Column>
<Column name="entry_title" id="BEFFC7D5-86D1-AD6F-5178-0B0D8BC63C5C">
<createdBy>PteFe</createdBy>
<createdTime>2024-09-16 09:04:55 UTC</createdTime>
<commentInRDBMS><![CDATA[Title of the entry]]></commentInRDBMS>
<generatorID>DEB3790B-8ACB-BAE7-6D90-1CD39A20B408</generatorID>
<ownerDesignName>rcl_logica</ownerDesignName>
<useDomainConstraints>false</useDomainConstraints>
<use>1</use>
<logicalDatatype>LOGDT024</logicalDatatype>
<dataTypeSize>100</dataTypeSize>
<ownDataTypeParameters>100,,</ownDataTypeParameters>
<autoIncrementCycle>false</autoIncrementCycle>
</Column>
<Column name="entry_contents" id="9357784F-1D6C-B91D-C4DD-49DC00FF0A8A">
<createdBy>PteFe</createdBy>
<createdTime>2024-09-16 09:04:55 UTC</createdTime>
<commentInRDBMS><![CDATA[Contents of the entry]]></commentInRDBMS>
<generatorID>5B2961B9-6C39-59D7-8C04-776E241B5D19</generatorID>
<ownerDesignName>rcl_logica</ownerDesignName>
<useDomainConstraints>false</useDomainConstraints>
<use>1</use>
<logicalDatatype>LOGDT024</logicalDatatype>
<dataTypeSize>1000</dataTypeSize>
<ownDataTypeParameters>1000,,</ownDataTypeParameters>
<autoIncrementCycle>false</autoIncrementCycle>
</Column>
<Column name="entry_publish_year" id="E1E82CFC-84CC-42A2-2D93-8AFECAD7705A">
<createdBy>PteFe</createdBy>
<createdTime>2024-09-16 09:04:55 UTC</createdTime>
<commentInRDBMS><![CDATA[Year the entry was published]]></commentInRDBMS>
<generatorID>BB42FC24-EBC2-40D3-2DA7-A7E93A44A9C3</generatorID>
<ownerDesignName>rcl_logica</ownerDesignName>
<useDomainConstraints>false</useDomainConstraints>
<use>1</use>
<logicalDatatype>LOGDT019</logicalDatatype>
<dataTypePrecision>4</dataTypePrecision>
<ownDataTypeParameters>,4,</ownDataTypeParameters>
<autoIncrementCycle>false</autoIncrementCycle>
</Column>
<Column name="entry_classification" id="3CEC0FA1-1AD2-78EE-3F06-117938867DA5">
<createdBy>PteFe</createdBy>
<createdTime>2024-09-16 09:04:55 UTC</createdTime>
<commentInRDBMS><![CDATA[Classification of the entry with unknown data type]]></commentInRDBMS>
<generatorID>91CE1599-A3C9-361D-4F11-D2D3D143EEAC</generatorID>
<ownerDesignName>rcl_logica</ownerDesignName>
<useDomainConstraints>false</useDomainConstraints>
<use>1</use>
<logicalDatatype>LOGDT024</logicalDatatype>
<dataTypeSize>1</dataTypeSize>
<listOfValues>
<valueDef value="F" description="Fiction"/>
<valueDef value="R" description="Reference"/>
</listOfValues>
<ownDataTypeParameters>1,,</ownDataTypeParameters>
<autoIncrementCycle>false</autoIncrementCycle>
</Column>
<Column name="entry_page_count" id="D5FF120B-F504-B877-3D6E-476665C738E3">
<createdBy>PteFe</createdBy>
<createdTime>2024-09-16 09:04:55 UTC</createdTime>
<commentInRDBMS><![CDATA[Number of pages in the entry]]></commentInRDBMS>
<generatorID>B9FBC6FA-4F76-275D-B233-35794CC65A4B</generatorID>
<ownerDesignName>rcl_logica</ownerDesignName>
<useDomainConstraints>false</useDomainConstraints>
<use>1</use>
<logicalDatatype>LOGDT019</logicalDatatype>
<dataTypePrecision>4</dataTypePrecision>
<ownDataTypeParameters>,4,</ownDataTypeParameters>
<autoIncrementCycle>false</autoIncrementCycle>
</Column>
<Column name="entry_difficulty" id="70041D2D-E3C3-26E1-9934-B0CCC22A1F8E">
<createdBy>PteFe</createdBy>
<createdTime>2024-09-16 09:04:55 UTC</createdTime>
<commentInRDBMS><![CDATA[Difficulty level of the entry]]></commentInRDBMS>
<generatorID>5F2A34BB-6165-BFD1-6090-AAA2E46224C2</generatorID>
<ownerDesignName>rcl_logica</ownerDesignName>
<nullsAllowed>true</nullsAllowed>
<useDomainConstraints>false</useDomainConstraints>
<use>1</use>
<logicalDatatype>LOGDT019</logicalDatatype>
<dataTypePrecision>2</dataTypePrecision>
<ownDataTypeParameters>,2,</ownDataTypeParameters>
<autoIncrementCycle>false</autoIncrementCycle>
</Column>
<Column name="publisher_id" id="4B9D121F-1F71-76CD-095A-1F16991B6B5F">
<createdBy>PteFe</createdBy>
<createdTime>2024-09-16 09:04:55 UTC</createdTime>
<commentInRDBMS><![CDATA[Represents the unique code for the publisher]]></commentInRDBMS>
<generatorID>78F4E0F6-9472-268A-67FB-572BF1023001</generatorID>
<ownerDesignName>rcl_logica</ownerDesignName>
<useDomainConstraints>false</useDomainConstraints>
<use>1</use>
<logicalDatatype>LOGDT019</logicalDatatype>
<dataTypePrecision>4</dataTypePrecision>
<ownDataTypeParameters>,,</ownDataTypeParameters>
<previousColumn>false</previousColumn>
<autoIncrementCycle>false</autoIncrementCycle>
<associations>
<colAssociation fkAssociation="CDF7B891-73EA-A52D-B8E4-B56020064E30" referredColumn="FACA74CC-3A57-0023-2010-DD28AC970285"/>
</associations>
</Column>
<Column name="entry_edition" id="1A9226F6-F7BC-F1C5-381B-EDFF63AB945C">
<createdBy>PteFe</createdBy>
<createdTime>2024-09-16 09:04:55 UTC</createdTime>
<commentInRDBMS><![CDATA[The entry_edition stores the edition of an entry as a string with up to 50 characters.]]></commentInRDBMS>
<generatorID>2ADBCF26-3750-6890-BA00-6300EABDA868</generatorID>
<ownerDesignName>rcl_logica</ownerDesignName>
<nullsAllowed>true</nullsAllowed>
<useDomainConstraints>false</useDomainConstraints>
<use>1</use>
<logicalDatatype>LOGDT024</logicalDatatype>
<dataTypeSize>50</dataTypeSize>
<ownDataTypeParameters>50,,</ownDataTypeParameters>
<autoIncrementCycle>false</autoIncrementCycle>
</Column>
<Column name="entry_note" id="2523CE99-D493-7D07-99E2-006B0B75F440">
<createdBy>PteFe</createdBy>
<createdTime>2024-09-16 09:04:55 UTC</createdTime>
<commentInRDBMS><![CDATA[The entry_note stores additional notes for an entry as a string with up to 100 characters.]]></commentInRDBMS>
<generatorID>35A08D45-CFCD-E168-D6C5-13759F51E4DD</generatorID>
<ownerDesignName>rcl_logica</ownerDesignName>
<nullsAllowed>true</nullsAllowed>
<useDomainConstraints>false</useDomainConstraints>
<use>1</use>
<logicalDatatype>LOGDT024</logicalDatatype>
<dataTypeSize>50</dataTypeSize>
<ownDataTypeParameters>50,,</ownDataTypeParameters>
<autoIncrementCycle>false</autoIncrementCycle>
</Column>
<Column name="entry_language" id="86886E50-73B3-F4F3-AEE0-C31FBB6577FB">
<createdBy>PteFe</createdBy>
<createdTime>2024-09-16 09:04:55 UTC</createdTime>
<commentInRDBMS><![CDATA[The entry_language stores the language of the entry as a mandatory string with up to 20 characters.]]></commentInRDBMS>
<generatorID>CA62AA47-A913-6ABB-B04C-2CD6AD0D271C</generatorID>
<ownerDesignName>rcl_logica</ownerDesignName>
<useDomainConstraints>false</useDomainConstraints>
<use>1</use>
<logicalDatatype>LOGDT024</logicalDatatype>
<dataTypeSize>20</dataTypeSize>
<ownDataTypeParameters>20,,</ownDataTypeParameters>
<autoIncrementCycle>false</autoIncrementCycle>
</Column>
</columns>
<indexes itemClass="oracle.dbtools.crest.model.design.relational.Index">
<ind_PK_UK id="C705368B-614C-CD4B-312C-4145DAA0CCDB" name="ENTRY_PK">
<createdBy>PteFe</createdBy>
<createdTime>2024-09-16 09:04:55 UTC</createdTime>
<generatorID>1E324D27-E27B-0FCC-69D7-883241804144</generatorID>
<ownerDesignName>rcl_logica</ownerDesignName>
<pk>true</pk>
<indexState>Primary Constraint</indexState>
<isSurrogateKey>false</isSurrogateKey>
<indexColumnUsage>
<colUsage columnID="BC4DFB99-C179-59AD-92A8-8999397BEFB6"/>
</indexColumnUsage>
</ind_PK_UK>
<ind_PK_UK id="1D376126-995D-CB46-378A-345F0B6086F1" name="publisher_entry_fk">
<createdBy>PteFe</createdBy>
<createdTime>2024-09-16 09:04:55 UTC</createdTime>
<generatorID>F864CB00-4B48-EC02-CBFE-E6C89652AF26</generatorID>
<ownerDesignName>rcl_logica</ownerDesignName>
<indexState>Foreign Key</indexState>
<isSurrogateKey>false</isSurrogateKey>
<indexColumnUsage>
<colUsage columnID="4B9D121F-1F71-76CD-095A-1F16991B6B5F"/>
</indexColumnUsage>
</ind_PK_UK>
</indexes>
</Table>
