<?xml version = '1.0' encoding = 'UTF-8'?>
<Table class="oracle.dbtools.crest.model.design.relational.Table" directorySegmentName="seg_0" id="BB494FA3-F5D3-6B03-DD47-76C9DB44F027" name="BRANCH">
<createdBy>PteFe</createdBy>
<createdTime>2024-09-16 09:04:55 UTC</createdTime>
<generatorID>84159E83-C63C-2557-D1D5-C39A42FF5432</generatorID>
<ownerDesignName>rcl_logica</ownerDesignName>
<allowColumnReorder>false</allowColumnReorder>
<existDependencyGenerateInDDl>true</existDependencyGenerateInDDl>
<parsed>true</parsed>
<columns itemClass="oracle.dbtools.crest.model.design.relational.Column">
<Column name="branch_code" id="62B485F2-BC20-F624-A4CF-E3DC2F681765">
<createdBy>PteFe</createdBy>
<createdTime>2024-09-16 09:04:55 UTC</createdTime>
<commentInRDBMS><![CDATA[BRANCH code]]></commentInRDBMS>
<generatorID>E3D9CFAF-E96B-D7F8-B2F3-7696673150B0</generatorID>
<ownerDesignName>rcl_logica</ownerDesignName>
<useDomainConstraints>false</useDomainConstraints>
<use>1</use>
<logicalDatatype>LOGDT019</logicalDatatype>
<dataTypePrecision>3</dataTypePrecision>
<ownDataTypeParameters>,3,</ownDataTypeParameters>
<autoIncrementCycle>false</autoIncrementCycle>
</Column>
<Column name="branch_address" id="F60A310A-B62E-D7F1-4C59-DB693540DA87">
<createdBy>PteFe</createdBy>
<createdTime>2024-09-16 09:04:55 UTC</createdTime>
<commentInRDBMS><![CDATA[BRANCH address]]></commentInRDBMS>
<generatorID>8200CB39-6ACB-63B2-A7AE-4707AC92141B</generatorID>
<ownerDesignName>rcl_logica</ownerDesignName>
<useDomainConstraints>false</useDomainConstraints>
<use>1</use>
<logicalDatatype>LOGDT024</logicalDatatype>
<dataTypeSize>100</dataTypeSize>
<ownDataTypeParameters>100,,</ownDataTypeParameters>
<autoIncrementCycle>false</autoIncrementCycle>
</Column>
<Column name="branch_phone" id="44C53DE6-8EDF-2A36-168C-3BB7D7E8926B">
<createdBy>PteFe</createdBy>
<createdTime>2024-09-16 09:04:55 UTC</createdTime>
<commentInRDBMS><![CDATA[BRANCH phone]]></commentInRDBMS>
<generatorID>C32BC8AA-20B0-F52A-8E97-49B7D082982C</generatorID>
<ownerDesignName>rcl_logica</ownerDesignName>
<useDomainConstraints>false</useDomainConstraints>
<use>1</use>
<logicalDatatype>LOGDT025</logicalDatatype>
<dataTypeSize>10</dataTypeSize>
<ownDataTypeParameters>10,,</ownDataTypeParameters>
<autoIncrementCycle>false</autoIncrementCycle>
</Column>
<Column name="branch_name" id="48159C13-72C1-943B-357D-9986A5455A23">
<createdBy>PteFe</createdBy>
<createdTime>2024-09-16 09:04:55 UTC</createdTime>
<commentInRDBMS><![CDATA[BRANCH name]]></commentInRDBMS>
<generatorID>61CF0810-F4ED-BE3E-C8B0-563D782BF759</generatorID>
<ownerDesignName>rcl_logica</ownerDesignName>
<useDomainConstraints>false</useDomainConstraints>
<use>1</use>
<logicalDatatype>LOGDT024</logicalDatatype>
<dataTypeSize>30</dataTypeSize>
<ownDataTypeParameters>30,,</ownDataTypeParameters>
<autoIncrementCycle>false</autoIncrementCycle>
</Column>
<Column name="lga_code" id="C0C10D46-ADA4-F29A-889D-D2E56FABBFE5">
<createdBy>PteFe</createdBy>
<createdTime>2024-09-16 09:04:55 UTC</createdTime>
<commentInRDBMS><![CDATA[LGA code]]></commentInRDBMS>
<generatorID>8605D2E0-4B89-953E-A1D9-F405BBB16A8A</generatorID>
<ownerDesignName>rcl_logica</ownerDesignName>
<useDomainConstraints>false</useDomainConstraints>
<use>1</use>
<logicalDatatype>LOGDT019</logicalDatatype>
<dataTypePrecision>5</dataTypePrecision>
<ownDataTypeParameters>,,</ownDataTypeParameters>
<previousColumn>false</previousColumn>
<autoIncrementCycle>false</autoIncrementCycle>
<associations>
<colAssociation fkAssociation="63E54546-021B-AB7E-7EDC-6D1E8547EE1A" referredColumn="D4044431-710A-305A-91FB-AE5655C968FC"/>
</associations>
</Column>
<Column name="manager_id" id="18A83A6B-9D6D-E799-E2B7-79FB80E28673">
<createdBy>PteFe</createdBy>
<createdTime>2024-09-16 09:04:55 UTC</createdTime>
<commentInRDBMS><![CDATA[Manager identification number]]></commentInRDBMS>
<generatorID>AE079BC5-B994-1BA4-9C25-8A9ADCCF1363</generatorID>
<ownerDesignName>rcl_logica</ownerDesignName>
<useDomainConstraints>false</useDomainConstraints>
<use>1</use>
<logicalDatatype>LOGDT019</logicalDatatype>
<dataTypePrecision>3</dataTypePrecision>
<ownDataTypeParameters>,,</ownDataTypeParameters>
<previousColumn>false</previousColumn>
<autoIncrementCycle>false</autoIncrementCycle>
<associations>
<colAssociation fkAssociation="4401DC8A-76F7-A749-DA8B-83C1DCEBA594" referredColumn="3D187551-4626-DFB3-3B55-A6C20FB039C9"/>
</associations>
</Column>
</columns>
<indexes itemClass="oracle.dbtools.crest.model.design.relational.Index">
<ind_PK_UK id="2E740682-32E1-39CB-8FA8-DDC129F302AD" name="BRANCH_PK">
<createdBy>PteFe</createdBy>
<createdTime>2024-09-16 09:04:55 UTC</createdTime>
<generatorID>5367E7CF-DAFF-9F9C-9B62-2864B6C2C2E5</generatorID>
<ownerDesignName>rcl_logica</ownerDesignName>
<pk>true</pk>
<indexState>Primary Constraint</indexState>
<isSurrogateKey>false</isSurrogateKey>
<indexColumnUsage>
<colUsage columnID="62B485F2-BC20-F624-A4CF-E3DC2F681765"/>
</indexColumnUsage>
</ind_PK_UK>
<ind_PK_UK id="F73995A9-719D-FB1B-79B5-4EEE8AC35513" name="branch_lga_fk">
<createdBy>PteFe</createdBy>
<createdTime>2024-09-16 09:04:55 UTC</createdTime>
<generatorID>5DB39FD2-0088-32E0-1E0D-B12B80503E2C</generatorID>
<ownerDesignName>rcl_logica</ownerDesignName>
<indexState>Foreign Key</indexState>
<isSurrogateKey>false</isSurrogateKey>
<indexColumnUsage>
<colUsage columnID="C0C10D46-ADA4-F29A-889D-D2E56FABBFE5"/>
</indexColumnUsage>
</ind_PK_UK>
<ind_PK_UK id="9B5F77BC-3C51-6B26-0EC6-8A995A795CC8" name="manager_branch_fk">
<createdBy>PteFe</createdBy>
<createdTime>2024-09-16 09:04:55 UTC</createdTime>
<generatorID>67814D91-EC81-4316-21D6-CD9C0BFAD6C9</generatorID>
<ownerDesignName>rcl_logica</ownerDesignName>
<indexState>Foreign Key</indexState>
<isSurrogateKey>false</isSurrogateKey>
<indexColumnUsage>
<colUsage columnID="18A83A6B-9D6D-E799-E2B7-79FB80E28673"/>
</indexColumnUsage>
</ind_PK_UK>
</indexes>
</Table>
