<?xml version = '1.0' encoding = 'UTF-8'?>
<Table class="oracle.dbtools.crest.model.design.relational.Table" directorySegmentName="seg_0" id="E226A6E9-9B40-7FED-ECCD-84FC70CE5DAB" name="BOOK">
<createdBy>PteFe</createdBy>
<createdTime>2024-09-16 09:04:55 UTC</createdTime>
<generatorID>751A6CF8-3A37-F847-B638-32FB7287A1CB</generatorID>
<ownerDesignName>rcl_logica</ownerDesignName>
<allowColumnReorder>false</allowColumnReorder>
<existDependencyGenerateInDDl>true</existDependencyGenerateInDDl>
<parsed>true</parsed>
<columns itemClass="oracle.dbtools.crest.model.design.relational.Column">
<Column name="book_ISBN" id="591BF07C-1691-0E59-79F6-4EFF949D297D">
<createdBy>PteFe</createdBy>
<createdTime>2024-09-16 09:04:55 UTC</createdTime>
<commentInRDBMS><![CDATA[ Unique ISBN number for the book]]></commentInRDBMS>
<generatorID>6B1EE703-50AD-74B8-3C03-0B7A5A3031B8</generatorID>
<ownerDesignName>rcl_logica</ownerDesignName>
<useDomainConstraints>false</useDomainConstraints>
<use>1</use>
<logicalDatatype>LOGDT025</logicalDatatype>
<dataTypeSize>1</dataTypeSize>
<ownDataTypeParameters>1,,</ownDataTypeParameters>
<autoIncrementCycle>false</autoIncrementCycle>
</Column>
<Column name="type_id" id="B1C1B946-24E1-D96B-313A-F7D3298C5C35">
<createdBy>PteFe</createdBy>
<createdTime>2024-09-16 09:04:55 UTC</createdTime>
<commentInRDBMS><![CDATA[Unique identifier for the type]]></commentInRDBMS>
<generatorID>94A3B682-7078-5CC2-7E16-B9E776D2927F</generatorID>
<ownerDesignName>rcl_logica</ownerDesignName>
<useDomainConstraints>false</useDomainConstraints>
<use>1</use>
<logicalDatatype>LOGDT019</logicalDatatype>
<dataTypePrecision>2</dataTypePrecision>
<ownDataTypeParameters>,,</ownDataTypeParameters>
<previousColumn>false</previousColumn>
<autoIncrementCycle>false</autoIncrementCycle>
<associations>
<colAssociation fkAssociation="679CF34E-9D6B-ACE2-7B4B-376540615D1F" referredColumn="0AB418B2-534C-8F40-5200-549DC4479E3D"/>
</associations>
</Column>
<Column name="entry_call_no" id="E7561900-0BB6-C0F7-C668-8B7FFB852749">
<createdBy>PteFe</createdBy>
<createdTime>2024-09-16 09:04:55 UTC</createdTime>
<commentInRDBMS><![CDATA[Unique call number for the entry]]></commentInRDBMS>
<generatorID>75BD2782-E384-73A1-0FB6-532E22856245</generatorID>
<ownerDesignName>rcl_logica</ownerDesignName>
<useDomainConstraints>false</useDomainConstraints>
<use>1</use>
<logicalDatatype>LOGDT024</logicalDatatype>
<dataTypeSize>30</dataTypeSize>
<ownDataTypeParameters>,,</ownDataTypeParameters>
<previousColumn>false</previousColumn>
<autoIncrementCycle>false</autoIncrementCycle>
<associations>
<colAssociation fkAssociation="5AAC7709-7283-138D-0A9C-6B48015B0ADE" referredColumn="BC4DFB99-C179-59AD-92A8-8999397BEFB6"/>
</associations>
</Column>
</columns>
<indexes itemClass="oracle.dbtools.crest.model.design.relational.Index">
<ind_PK_UK id="8A16EA19-28B3-427A-B84A-3DED4717926D" name="BOOK_PK">
<createdBy>PteFe</createdBy>
<createdTime>2024-09-16 09:04:55 UTC</createdTime>
<generatorID>1D8F5FC5-5790-A7A9-0A84-CEB51F594E32</generatorID>
<ownerDesignName>rcl_logica</ownerDesignName>
<pk>true</pk>
<indexState>Primary Constraint</indexState>
<isSurrogateKey>false</isSurrogateKey>
<indexColumnUsage>
<colUsage columnID="591BF07C-1691-0E59-79F6-4EFF949D297D"/>
</indexColumnUsage>
</ind_PK_UK>
<ind_PK_UK id="AC1A1E02-4E5B-3779-AB0B-0BCE634F71DB" name="bt_book_fk">
<createdBy>PteFe</createdBy>
<createdTime>2024-09-16 09:04:55 UTC</createdTime>
<generatorID>BEFA4954-D94F-44BF-7769-81761AA6FB92</generatorID>
<ownerDesignName>rcl_logica</ownerDesignName>
<indexState>Foreign Key</indexState>
<isSurrogateKey>false</isSurrogateKey>
<indexColumnUsage>
<colUsage columnID="B1C1B946-24E1-D96B-313A-F7D3298C5C35"/>
</indexColumnUsage>
</ind_PK_UK>
<ind_PK_UK id="5C106BEA-856F-C7C8-11D3-F44284ACEC83" name="entry_book_fk">
<createdBy>PteFe</createdBy>
<createdTime>2024-09-16 09:04:55 UTC</createdTime>
<generatorID>0BBC6839-7605-1E41-61F5-3A3D7DC18C0D</generatorID>
<ownerDesignName>rcl_logica</ownerDesignName>
<indexState>Foreign Key</indexState>
<isSurrogateKey>false</isSurrogateKey>
<indexColumnUsage>
<colUsage columnID="E7561900-0BB6-C0F7-C668-8B7FFB852749"/>
</indexColumnUsage>
</ind_PK_UK>
</indexes>
</Table>
