<?xml version = '1.0' encoding = 'UTF-8'?>
<Table class="oracle.dbtools.crest.model.design.relational.Table" directorySegmentName="seg_0" id="F3F22799-F6BE-8EA2-678F-BBD3FB0E9058" name="ENTRY_SUBJECT">
<createdBy>PteFe</createdBy>
<createdTime>2024-09-16 09:04:55 UTC</createdTime>
<generatorID>B97027D5-0687-FE94-9C7F-75C9A156BF39</generatorID>
<ownerDesignName>rcl_logica</ownerDesignName>
<allowColumnReorder>false</allowColumnReorder>
<existDependencyGenerateInDDl>true</existDependencyGenerateInDDl>
<parsed>true</parsed>
<columns itemClass="oracle.dbtools.crest.model.design.relational.Column">
<Column name="entry_call_no" id="19D224EA-899E-CFB9-6717-57AF96C82AFB">
<createdBy>PteFe</createdBy>
<createdTime>2024-09-16 09:04:55 UTC</createdTime>
<commentInRDBMS><![CDATA[Unique call number for the entry]]></commentInRDBMS>
<generatorID>7D1D1A50-0136-191D-7A0E-C98DBEDF6FB4</generatorID>
<ownerDesignName>rcl_logica</ownerDesignName>
<useDomainConstraints>false</useDomainConstraints>
<use>1</use>
<logicalDatatype>LOGDT024</logicalDatatype>
<dataTypeSize>30</dataTypeSize>
<ownDataTypeParameters>,,</ownDataTypeParameters>
<previousColumn>false</previousColumn>
<autoIncrementCycle>false</autoIncrementCycle>
<associations>
<colAssociation fkAssociation="7B14EEF4-1694-CEF9-611C-3625DC5860B9" referredColumn="BC4DFB99-C179-59AD-92A8-8999397BEFB6"/>
</associations>
</Column>
<Column name="subject_id" id="5B7CD941-4901-8565-50DE-FB0009CD7DCC">
<createdBy>PteFe</createdBy>
<createdTime>2024-09-16 09:04:55 UTC</createdTime>
<commentInRDBMS><![CDATA[The subject_id stores the unique identifier for a subject as a numeric value with a precision of 4 digits and serves as the primary key.]]></commentInRDBMS>
<generatorID>B6301213-7F4B-4127-2921-8F8D62CB6D4A</generatorID>
<ownerDesignName>rcl_logica</ownerDesignName>
<useDomainConstraints>false</useDomainConstraints>
<use>1</use>
<logicalDatatype>LOGDT019</logicalDatatype>
<ownDataTypeParameters>,,</ownDataTypeParameters>
<previousColumn>false</previousColumn>
<autoIncrementCycle>false</autoIncrementCycle>
<associations>
<colAssociation fkAssociation="802EBE18-EA9E-9F14-E8F3-43AFC7264165" referredColumn="142995A4-9C8C-2405-9201-3C8B8B0280EB"/>
</associations>
</Column>
</columns>
<indexes itemClass="oracle.dbtools.crest.model.design.relational.Index">
<ind_PK_UK id="D95C9713-1953-C2C2-5EFD-0B4447A2A721" name="ENTRY_SUBJECT_PK">
<createdBy>PteFe</createdBy>
<createdTime>2024-09-16 09:04:55 UTC</createdTime>
<generatorID>9E9B6E83-2EF1-7D0B-4328-01080519C480</generatorID>
<ownerDesignName>rcl_logica</ownerDesignName>
<pk>true</pk>
<indexState>Primary Constraint</indexState>
<isSurrogateKey>false</isSurrogateKey>
<indexColumnUsage>
<colUsage columnID="19D224EA-899E-CFB9-6717-57AF96C82AFB"/>
<colUsage columnID="5B7CD941-4901-8565-50DE-FB0009CD7DCC"/>
</indexColumnUsage>
</ind_PK_UK>
<ind_PK_UK id="E749A535-D7A8-AE21-466B-FFB8E787486F" name="entry_es_fk">
<createdBy>PteFe</createdBy>
<createdTime>2024-09-16 09:04:55 UTC</createdTime>
<generatorID>80E97201-5ABE-41E4-5F67-97C422B8CD32</generatorID>
<ownerDesignName>rcl_logica</ownerDesignName>
<indexState>Foreign Key</indexState>
<isSurrogateKey>false</isSurrogateKey>
<indexColumnUsage>
<colUsage columnID="19D224EA-899E-CFB9-6717-57AF96C82AFB"/>
</indexColumnUsage>
</ind_PK_UK>
<ind_PK_UK id="79BA6D88-EB0C-1C16-6729-98512A0070E0" name="subject_es_fk">
<createdBy>PteFe</createdBy>
<createdTime>2024-09-16 09:04:55 UTC</createdTime>
<generatorID>2301374F-3A81-A2DB-E95D-377A1D87C840</generatorID>
<ownerDesignName>rcl_logica</ownerDesignName>
<indexState>Foreign Key</indexState>
<isSurrogateKey>false</isSurrogateKey>
<indexColumnUsage>
<colUsage columnID="5B7CD941-4901-8565-50DE-FB0009CD7DCC"/>
</indexColumnUsage>
</ind_PK_UK>
</indexes>
</Table>
