<?xml version = '1.0' encoding = 'UTF-8'?>
<Table class="oracle.dbtools.crest.model.design.relational.Table" directorySegmentName="seg_0" id="F78A985E-141A-35C4-2941-8628DABD7A37" name="COPY">
<createdBy>PteFe</createdBy>
<createdTime>2024-09-16 09:04:55 UTC</createdTime>
<generatorID>106ADDF0-4AB9-7895-7717-05CA460E43BF</generatorID>
<ownerDesignName>rcl_logica</ownerDesignName>
<allowColumnReorder>false</allowColumnReorder>
<existDependencyGenerateInDDl>true</existDependencyGenerateInDDl>
<parsed>true</parsed>
<columns itemClass="oracle.dbtools.crest.model.design.relational.Column">
<Column name="branch_code" id="F2DF14B3-163D-681C-E55C-01EC9DC5CC3E">
<createdBy>PteFe</createdBy>
<createdTime>2024-09-16 09:04:55 UTC</createdTime>
<commentInRDBMS><![CDATA[BRANCH code]]></commentInRDBMS>
<generatorID>2D6BFCC7-EF55-6393-1A8F-806D4C82863C</generatorID>
<ownerDesignName>rcl_logica</ownerDesignName>
<useDomainConstraints>false</useDomainConstraints>
<use>1</use>
<logicalDatatype>LOGDT019</logicalDatatype>
<dataTypePrecision>3</dataTypePrecision>
<ownDataTypeParameters>,,</ownDataTypeParameters>
<previousColumn>false</previousColumn>
<autoIncrementCycle>false</autoIncrementCycle>
<associations>
<colAssociation fkAssociation="3D77D4C0-082F-E648-2D8E-D4C95F50D9D2" referredColumn="62B485F2-BC20-F624-A4CF-E3DC2F681765"/>
</associations>
</Column>
<Column name="copy_id" id="4871C81D-9FD9-706F-846D-E4A513BB19B3">
<createdBy>PteFe</createdBy>
<createdTime>2024-09-16 09:04:55 UTC</createdTime>
<commentInRDBMS><![CDATA[Unique identifier for a copy of an item]]></commentInRDBMS>
<generatorID>C7F3A85A-4580-B1CC-285D-060961131580</generatorID>
<ownerDesignName>rcl_logica</ownerDesignName>
<useDomainConstraints>false</useDomainConstraints>
<use>1</use>
<logicalDatatype>LOGDT019</logicalDatatype>
<dataTypePrecision>5</dataTypePrecision>
<ownDataTypeParameters>,5,</ownDataTypeParameters>
<autoIncrementCycle>false</autoIncrementCycle>
</Column>
<Column name="copy_price" id="CE64888D-7174-833E-BEEF-7C8DFC0A8457">
<createdBy>PteFe</createdBy>
<createdTime>2024-09-16 09:04:55 UTC</createdTime>
<commentInRDBMS><![CDATA[Price of the copy]]></commentInRDBMS>
<generatorID>865844A7-19EB-7FE5-882E-045E54702E38</generatorID>
<ownerDesignName>rcl_logica</ownerDesignName>
<useDomainConstraints>false</useDomainConstraints>
<use>1</use>
<logicalDatatype>LOGDT019</logicalDatatype>
<dataTypePrecision>6</dataTypePrecision>
<dataTypeScale>2</dataTypeScale>
<ownDataTypeParameters>,6,2</ownDataTypeParameters>
<autoIncrementCycle>false</autoIncrementCycle>
</Column>
<Column name="copy_status" id="9E7D1D8E-62E2-A033-9753-396D1198CFE3">
<createdBy>PteFe</createdBy>
<createdTime>2024-09-16 09:04:55 UTC</createdTime>
<commentInRDBMS><![CDATA[Indicates if a copy is reserved]]></commentInRDBMS>
<generatorID>D4B2FCE5-1BF9-E458-CFD8-37D4D3F4ABE2</generatorID>
<ownerDesignName>rcl_logica</ownerDesignName>
<useDomainConstraints>false</useDomainConstraints>
<use>1</use>
<logicalDatatype>LOGDT025</logicalDatatype>
<dataTypeSize>1</dataTypeSize>
<listOfValues>
<valueDef value="A" description="Available"/>
<valueDef value="D" description="Damaged"/>
<valueDef value="L" description="Lost"/>
<valueDef value="O" description="On loan"/>
<valueDef value="R" description="On reserve"/>
<valueDef value="S" description="Stolen"/>
</listOfValues>
<ownDataTypeParameters>1,,</ownDataTypeParameters>
<autoIncrementCycle>false</autoIncrementCycle>
</Column>
<Column name="book_ISBN" id="BCC8C4B1-98D0-673D-6F6E-42EF6B1D1BA4">
<createdBy>PteFe</createdBy>
<createdTime>2024-09-16 09:04:55 UTC</createdTime>
<commentInRDBMS><![CDATA[ Unique ISBN number for the book]]></commentInRDBMS>
<generatorID>BFE7F9F5-BF35-C8F3-10BE-3D3F7FE1D9C9</generatorID>
<ownerDesignName>rcl_logica</ownerDesignName>
<useDomainConstraints>false</useDomainConstraints>
<use>1</use>
<logicalDatatype>LOGDT025</logicalDatatype>
<dataTypeSize>1</dataTypeSize>
<ownDataTypeParameters>,,</ownDataTypeParameters>
<previousColumn>false</previousColumn>
<autoIncrementCycle>false</autoIncrementCycle>
<associations>
<colAssociation fkAssociation="A289A3C8-AF34-FF0D-0B01-3BD69579904B" referredColumn="591BF07C-1691-0E59-79F6-4EFF949D297D"/>
</associations>
</Column>
</columns>
<indexes itemClass="oracle.dbtools.crest.model.design.relational.Index">
<ind_PK_UK id="0A6143C4-A308-FFC5-F164-E3D1E69F6BF0" name="COPY_PK">
<createdBy>PteFe</createdBy>
<createdTime>2024-09-16 09:04:55 UTC</createdTime>
<generatorID>2A92F45A-0F3F-DDA1-48A6-AAEC806CC5F9</generatorID>
<ownerDesignName>rcl_logica</ownerDesignName>
<pk>true</pk>
<indexState>Primary Constraint</indexState>
<isSurrogateKey>false</isSurrogateKey>
<indexColumnUsage>
<colUsage columnID="4871C81D-9FD9-706F-846D-E4A513BB19B3"/>
<colUsage columnID="F2DF14B3-163D-681C-E55C-01EC9DC5CC3E"/>
</indexColumnUsage>
</ind_PK_UK>
<ind_PK_UK id="EA346793-C3A8-8959-0486-2B69841BB8D1" name="book_copy_fk">
<createdBy>PteFe</createdBy>
<createdTime>2024-09-16 09:04:55 UTC</createdTime>
<generatorID>33CB4E8B-2009-935F-CFF7-C9BA049329C7</generatorID>
<ownerDesignName>rcl_logica</ownerDesignName>
<indexState>Foreign Key</indexState>
<isSurrogateKey>false</isSurrogateKey>
<indexColumnUsage>
<colUsage columnID="BCC8C4B1-98D0-673D-6F6E-42EF6B1D1BA4"/>
</indexColumnUsage>
</ind_PK_UK>
<ind_PK_UK id="FC31FB5A-CB71-EA0C-1F70-2552EA68AC68" name="branch_copy_fk">
<createdBy>PteFe</createdBy>
<createdTime>2024-09-16 09:04:55 UTC</createdTime>
<generatorID>FAF2D64C-5825-EF5A-C409-08614AAB34F4</generatorID>
<ownerDesignName>rcl_logica</ownerDesignName>
<indexState>Foreign Key</indexState>
<isSurrogateKey>false</isSurrogateKey>
<indexColumnUsage>
<colUsage columnID="F2DF14B3-163D-681C-E55C-01EC9DC5CC3E"/>
</indexColumnUsage>
</ind_PK_UK>
</indexes>
</Table>
