<?xml version = '1.0' encoding = 'UTF-8'?>
<FKIndexAssociation class="oracle.dbtools.crest.model.design.relational.FKIndexAssociation" directorySegmentName="seg_0" id="1AEF75C8-98EA-EC78-235C-AE397D3E1743" containerWithKeyObject="7CB9AE9B-DE13-D01E-BCFA-EA0DD6404BE8" localFKIndex="51C69342-A872-00CB-867D-1D3D4CE209E1" name="borrower_reservation_fk">
<createdBy>PteFe</createdBy>
<createdTime>2024-09-16 09:04:55 UTC</createdTime>
<generatorID>5A98B29C-0B28-4D5B-F850-7C56C8E46B45</generatorID>
<ownerDesignName>rcl_logica</ownerDesignName>
<referredTableLongName>BORROWER</referredTableLongName>
<deleteRule>NO ACTION</deleteRule>
<referredTableID>7F4FBE61-97F0-33E2-E470-8CD58FD6FCF0</referredTableID>
<keyObject>0B189E88-18EC-6786-9E96-7668584A45F7</keyObject>
<referredKeyID>0B189E88-18EC-6786-9E96-7668584A45F7</referredKeyID>
<mandatory>true</mandatory>
<refColNames>borrower_no</refColNames>
<transferable>true</transferable>
<rely>false</rely>
<columnDependencyConstraintGenerateInDDL>true</columnDependencyConstraintGenerateInDDL>
</FKIndexAssociation>
