<?xml version = '1.0' encoding = 'UTF-8'?>
<FKIndexAssociation class="oracle.dbtools.crest.model.design.relational.FKIndexAssociation" directorySegmentName="seg_0" id="1F9166DD-264F-F48E-6DE5-F0A3B0BC1566" containerWithKeyObject="7F4FBE61-97F0-33E2-E470-8CD58FD6FCF0" localFKIndex="5F804085-A443-EE15-7165-C3745A4F003E" name="class_borrower_fk">
<createdBy>PteFe</createdBy>
<createdTime>2024-09-16 09:04:55 UTC</createdTime>
<generatorID>B7B87C85-4816-12F6-1FD2-808163541319</generatorID>
<ownerDesignName>rcl_logica</ownerDesignName>
<referredTableLongName>CLASS</referredTableLongName>
<deleteRule>NO ACTION</deleteRule>
<referredTableID>89F2B1E8-73CC-D522-D1D5-6E464AE39F76</referredTableID>
<keyObject>A7D5274F-56D1-F552-8FAE-458F74F53E31</keyObject>
<referredKeyID>A7D5274F-56D1-F552-8FAE-458F74F53E31</referredKeyID>
<mandatory>true</mandatory>
<refColNames>class_id</refColNames>
<transferable>true</transferable>
<rely>false</rely>
<columnDependencyConstraintGenerateInDDL>true</columnDependencyConstraintGenerateInDDL>
</FKIndexAssociation>
