<?xml version = '1.0' encoding = 'UTF-8'?>
<FKIndexAssociation class="oracle.dbtools.crest.model.design.relational.FKIndexAssociation" directorySegmentName="seg_0" id="3D77D4C0-082F-E648-2D8E-D4C95F50D9D2" containerWithKeyObject="F78A985E-141A-35C4-2941-8628DABD7A37" localFKIndex="FC31FB5A-CB71-EA0C-1F70-2552EA68AC68" name="branch_copy_fk">
<createdBy>PteFe</createdBy>
<createdTime>2024-09-16 09:04:55 UTC</createdTime>
<generatorID>FAF2D64C-5825-EF5A-C409-08614AAB34F4</generatorID>
<ownerDesignName>rcl_logica</ownerDesignName>
<referredTableLongName>BRANCH</referredTableLongName>
<deleteRule>NO ACTION</deleteRule>
<referredTableID>BB494FA3-F5D3-6B03-DD47-76C9DB44F027</referredTableID>
<keyObject>2E740682-32E1-39CB-8FA8-DDC129F302AD</keyObject>
<referredKeyID>2E740682-32E1-39CB-8FA8-DDC129F302AD</referredKeyID>
<mandatory>true</mandatory>
<refColNames>branch_code</refColNames>
<transferable>true</transferable>
<rely>false</rely>
<columnDependencyConstraintGenerateInDDL>true</columnDependencyConstraintGenerateInDDL>
</FKIndexAssociation>
