<?xml version = '1.0' encoding = 'UTF-8'?>
<FKIndexAssociation class="oracle.dbtools.crest.model.design.relational.FKIndexAssociation" directorySegmentName="seg_0" id="4401DC8A-76F7-A749-DA8B-83C1DCEBA594" containerWithKeyObject="BB494FA3-F5D3-6B03-DD47-76C9DB44F027" localFKIndex="9B5F77BC-3C51-6B26-0EC6-8A995A795CC8" name="manager_branch_fk">
<createdBy>PteFe</createdBy>
<createdTime>2024-09-16 09:04:55 UTC</createdTime>
<generatorID>67814D91-EC81-4316-21D6-CD9C0BFAD6C9</generatorID>
<ownerDesignName>rcl_logica</ownerDesignName>
<referredTableLongName>MANAGER</referredTableLongName>
<deleteRule>NO ACTION</deleteRule>
<referredTableID>8C8FD470-428C-C765-9F58-32D388E08D6A</referredTableID>
<keyObject>91B9460F-14E7-903D-8FD0-AE42BEC4F5E6</keyObject>
<referredKeyID>91B9460F-14E7-903D-8FD0-AE42BEC4F5E6</referredKeyID>
<mandatory>true</mandatory>
<refColNames>manager_id</refColNames>
<transferable>true</transferable>
<rely>false</rely>
<columnDependencyConstraintGenerateInDDL>true</columnDependencyConstraintGenerateInDDL>
</FKIndexAssociation>
