<?xml version = '1.0' encoding = 'UTF-8'?>
<FKIndexAssociation class="oracle.dbtools.crest.model.design.relational.FKIndexAssociation" directorySegmentName="seg_0" id="4CB563F9-98D6-16EF-69DD-8011EFD0775A" containerWithKeyObject="1C91B390-45A5-4546-1E52-359F5C302A91" localFKIndex="9D558DE3-516A-11C8-5DA3-424D08F1AA09" name="author_authorship">
<createdBy>PteFe</createdBy>
<createdTime>2024-09-16 09:04:55 UTC</createdTime>
<generatorID>0D0BA253-4952-EF84-8E82-27A9D62F09EA</generatorID>
<ownerDesignName>rcl_logica</ownerDesignName>
<referredTableLongName>AUTHOR</referredTableLongName>
<deleteRule>NO ACTION</deleteRule>
<referredTableID>4A0F0CDA-7282-978C-D3AD-14FCFFAD7076</referredTableID>
<keyObject>DC4608F6-097E-8482-A4E9-F95B686F12D4</keyObject>
<referredKeyID>DC4608F6-097E-8482-A4E9-F95B686F12D4</referredKeyID>
<mandatory>true</mandatory>
<refColNames>author_id</refColNames>
<transferable>true</transferable>
<rely>false</rely>
<columnDependencyConstraintGenerateInDDL>true</columnDependencyConstraintGenerateInDDL>
</FKIndexAssociation>
