<?xml version = '1.0' encoding = 'UTF-8'?>
<FKIndexAssociation class="oracle.dbtools.crest.model.design.relational.FKIndexAssociation" directorySegmentName="seg_0" id="4D3916A7-6E76-B362-49AA-BC9399090286" containerWithKeyObject="1C91B390-45A5-4546-1E52-359F5C302A91" localFKIndex="5E57A479-710F-1F6C-73C8-718A65F2285B" name="entry_authorship">
<createdBy>PteFe</createdBy>
<createdTime>2024-09-16 09:04:55 UTC</createdTime>
<generatorID>3F245E7B-5382-F292-70A9-1B261E1C1F56</generatorID>
<ownerDesignName>rcl_logica</ownerDesignName>
<referredTableLongName>ENTRY</referredTableLongName>
<deleteRule>NO ACTION</deleteRule>
<referredTableID>B0B4454E-602E-4A17-92AA-2A24740AD9AC</referredTableID>
<keyObject>C705368B-614C-CD4B-312C-4145DAA0CCDB</keyObject>
<referredKeyID>C705368B-614C-CD4B-312C-4145DAA0CCDB</referredKeyID>
<mandatory>true</mandatory>
<refColNames>entry_call_no</refColNames>
<transferable>true</transferable>
<rely>false</rely>
<columnDependencyConstraintGenerateInDDL>true</columnDependencyConstraintGenerateInDDL>
</FKIndexAssociation>
