<?xml version = '1.0' encoding = 'UTF-8'?>
<FKIndexAssociation class="oracle.dbtools.crest.model.design.relational.FKIndexAssociation" directorySegmentName="seg_0" id="5AAC7709-7283-138D-0A9C-6B48015B0ADE" containerWithKeyObject="E226A6E9-9B40-7FED-ECCD-84FC70CE5DAB" localFKIndex="5C106BEA-856F-C7C8-11D3-F44284ACEC83" name="entry_book_fk">
<createdBy>PteFe</createdBy>
<createdTime>2024-09-16 09:04:55 UTC</createdTime>
<generatorID>0BBC6839-7605-1E41-61F5-3A3D7DC18C0D</generatorID>
<ownerDesignName>rcl_logica</ownerDesignName>
<referredTableLongName>ENTRY</referredTableLongName>
<deleteRule>NO ACTION</deleteRule>
<referredTableID>B0B4454E-602E-4A17-92AA-2A24740AD9AC</referredTableID>
<keyObject>C705368B-614C-CD4B-312C-4145DAA0CCDB</keyObject>
<referredKeyID>C705368B-614C-CD4B-312C-4145DAA0CCDB</referredKeyID>
<mandatory>true</mandatory>
<refColNames>entry_call_no</refColNames>
<transferable>true</transferable>
<rely>false</rely>
<columnDependencyConstraintGenerateInDDL>true</columnDependencyConstraintGenerateInDDL>
</FKIndexAssociation>
