<?xml version = '1.0' encoding = 'UTF-8'?>
<FKIndexAssociation class="oracle.dbtools.crest.model.design.relational.FKIndexAssociation" directorySegmentName="seg_0" id="63E54546-021B-AB7E-7EDC-6D1E8547EE1A" containerWithKeyObject="BB494FA3-F5D3-6B03-DD47-76C9DB44F027" localFKIndex="F73995A9-719D-FB1B-79B5-4EEE8AC35513" name="branch_lga_fk">
<createdBy>PteFe</createdBy>
<createdTime>2024-09-16 09:04:55 UTC</createdTime>
<generatorID>5DB39FD2-0088-32E0-1E0D-B12B80503E2C</generatorID>
<ownerDesignName>rcl_logica</ownerDesignName>
<referredTableLongName>LGA</referredTableLongName>
<deleteRule>NO ACTION</deleteRule>
<referredTableID>694C623D-5464-F97B-28A7-03D56249576A</referredTableID>
<keyObject>06CD93DE-C759-B32D-69F9-992BF8015981</keyObject>
<referredKeyID>06CD93DE-C759-B32D-69F9-992BF8015981</referredKeyID>
<mandatory>true</mandatory>
<refColNames>lga_code</refColNames>
<transferable>true</transferable>
<rely>false</rely>
<columnDependencyConstraintGenerateInDDL>true</columnDependencyConstraintGenerateInDDL>
</FKIndexAssociation>
