<?xml version = '1.0' encoding = 'UTF-8'?>
<FKIndexAssociation class="oracle.dbtools.crest.model.design.relational.FKIndexAssociation" directorySegmentName="seg_0" id="679CF34E-9D6B-ACE2-7B4B-376540615D1F" containerWithKeyObject="E226A6E9-9B40-7FED-ECCD-84FC70CE5DAB" localFKIndex="AC1A1E02-4E5B-3779-AB0B-0BCE634F71DB" name="bt_book_fk">
<createdBy>PteFe</createdBy>
<createdTime>2024-09-16 09:04:55 UTC</createdTime>
<generatorID>BEFA4954-D94F-44BF-7769-81761AA6FB92</generatorID>
<ownerDesignName>rcl_logica</ownerDesignName>
<referredTableLongName>BOOK_TYPE</referredTableLongName>
<deleteRule>NO ACTION</deleteRule>
<referredTableID>5122A287-A843-C5AE-CD7A-CAA81A7668E2</referredTableID>
<keyObject>0C74BAE8-6D2B-86B5-E89D-28C6C0398C90</keyObject>
<referredKeyID>0C74BAE8-6D2B-86B5-E89D-28C6C0398C90</referredKeyID>
<mandatory>true</mandatory>
<refColNames>type_id</refColNames>
<transferable>true</transferable>
<rely>false</rely>
<columnDependencyConstraintGenerateInDDL>true</columnDependencyConstraintGenerateInDDL>
</FKIndexAssociation>
