<?xml version = '1.0' encoding = 'UTF-8'?>
<FKIndexAssociation class="oracle.dbtools.crest.model.design.relational.FKIndexAssociation" directorySegmentName="seg_0" id="684D427D-09CA-4C3E-C5BA-DFE4F9C98E2E" containerWithKeyObject="8C8FD470-428C-C765-9F58-32D388E08D6A" localFKIndex="D43673DF-14D5-406C-2A3F-CACDF7A1CB27" name="branch_manager_fk">
<createdBy>PteFe</createdBy>
<createdTime>2024-09-16 09:04:55 UTC</createdTime>
<generatorID>DCEC5DC9-D3FA-0264-8DE2-1F2BEE35BC41</generatorID>
<ownerDesignName>rcl_logica</ownerDesignName>
<referredTableLongName>BRANCH</referredTableLongName>
<deleteRule>NO ACTION</deleteRule>
<referredTableID>BB494FA3-F5D3-6B03-DD47-76C9DB44F027</referredTableID>
<keyObject>2E740682-32E1-39CB-8FA8-DDC129F302AD</keyObject>
<referredKeyID>2E740682-32E1-39CB-8FA8-DDC129F302AD</referredKeyID>
<mandatory>true</mandatory>
<refColNames>branch_code</refColNames>
<transferable>true</transferable>
<rely>false</rely>
<columnDependencyConstraintGenerateInDDL>true</columnDependencyConstraintGenerateInDDL>
</FKIndexAssociation>
