<?xml version = '1.0' encoding = 'UTF-8'?>
<FKIndexAssociation class="oracle.dbtools.crest.model.design.relational.FKIndexAssociation" directorySegmentName="seg_0" id="750C4F5E-3993-1132-C2DF-10CE629C5656" containerWithKeyObject="7CB9AE9B-DE13-D01E-BCFA-EA0DD6404BE8" localFKIndex="B9049D53-9D9E-4909-2D33-B734011589B3" name="copy_reservation">
<createdBy>PteFe</createdBy>
<createdTime>2024-09-16 09:04:55 UTC</createdTime>
<generatorID>CA9A1186-7D8E-7FED-C8A9-B4A3B676A58D</generatorID>
<ownerDesignName>rcl_logica</ownerDesignName>
<referredTableLongName>COPY</referredTableLongName>
<deleteRule>NO ACTION</deleteRule>
<referredTableID>F78A985E-141A-35C4-2941-8628DABD7A37</referredTableID>
<keyObject>0A6143C4-A308-FFC5-F164-E3D1E69F6BF0</keyObject>
<referredKeyID>0A6143C4-A308-FFC5-F164-E3D1E69F6BF0</referredKeyID>
<mandatory>true</mandatory>
<refColNames>copy_id,branch_code</refColNames>
<transferable>true</transferable>
<rely>false</rely>
<columnDependencyConstraintGenerateInDDL>true</columnDependencyConstraintGenerateInDDL>
</FKIndexAssociation>
