<?xml version = '1.0' encoding = 'UTF-8'?>
<FKIndexAssociation class="oracle.dbtools.crest.model.design.relational.FKIndexAssociation" directorySegmentName="seg_0" id="7B14EEF4-1694-CEF9-611C-3625DC5860B9" containerWithKeyObject="F3F22799-F6BE-8EA2-678F-BBD3FB0E9058" localFKIndex="E749A535-D7A8-AE21-466B-FFB8E787486F" name="entry_es_fk">
<createdBy>PteFe</createdBy>
<createdTime>2024-09-16 09:04:55 UTC</createdTime>
<generatorID>80E97201-5ABE-41E4-5F67-97C422B8CD32</generatorID>
<ownerDesignName>rcl_logica</ownerDesignName>
<referredTableLongName>ENTRY</referredTableLongName>
<deleteRule>NO ACTION</deleteRule>
<referredTableID>B0B4454E-602E-4A17-92AA-2A24740AD9AC</referredTableID>
<keyObject>C705368B-614C-CD4B-312C-4145DAA0CCDB</keyObject>
<referredKeyID>C705368B-614C-CD4B-312C-4145DAA0CCDB</referredKeyID>
<mandatory>true</mandatory>
<refColNames>entry_call_no</refColNames>
<transferable>true</transferable>
<rely>false</rely>
<columnDependencyConstraintGenerateInDDL>true</columnDependencyConstraintGenerateInDDL>
</FKIndexAssociation>
