<?xml version = '1.0' encoding = 'UTF-8'?>
<FKIndexAssociation class="oracle.dbtools.crest.model.design.relational.FKIndexAssociation" directorySegmentName="seg_0" id="7D96733D-7D00-138B-A737-4D89C4A4F041" containerWithKeyObject="26412335-1771-FE25-B2BA-14A01844313A" localFKIndex="6E8D540F-A043-25AB-BB88-477ABA10B6E1" name="borrower_loan_fk">
<createdBy>PteFe</createdBy>
<createdTime>2024-09-16 09:04:55 UTC</createdTime>
<generatorID>1229180F-7CE9-330F-0B98-4680FDA913EE</generatorID>
<ownerDesignName>rcl_logica</ownerDesignName>
<referredTableLongName>BORROWER</referredTableLongName>
<deleteRule>NO ACTION</deleteRule>
<referredTableID>7F4FBE61-97F0-33E2-E470-8CD58FD6FCF0</referredTableID>
<keyObject>0B189E88-18EC-6786-9E96-7668584A45F7</keyObject>
<referredKeyID>0B189E88-18EC-6786-9E96-7668584A45F7</referredKeyID>
<mandatory>true</mandatory>
<refColNames>borrower_no</refColNames>
<transferable>true</transferable>
<rely>false</rely>
<columnDependencyConstraintGenerateInDDL>true</columnDependencyConstraintGenerateInDDL>
</FKIndexAssociation>
