<?xml version = '1.0' encoding = 'UTF-8'?>
<FKIndexAssociation class="oracle.dbtools.crest.model.design.relational.FKIndexAssociation" directorySegmentName="seg_0" id="802EBE18-EA9E-9F14-E8F3-43AFC7264165" containerWithKeyObject="F3F22799-F6BE-8EA2-678F-BBD3FB0E9058" localFKIndex="79BA6D88-EB0C-1C16-6729-98512A0070E0" name="subject_es_fk">
<createdBy>PteFe</createdBy>
<createdTime>2024-09-16 09:04:55 UTC</createdTime>
<generatorID>2301374F-3A81-A2DB-E95D-377A1D87C840</generatorID>
<ownerDesignName>rcl_logica</ownerDesignName>
<referredTableLongName>SUBJECT</referredTableLongName>
<deleteRule>NO ACTION</deleteRule>
<referredTableID>25F6BC5E-1131-B9F5-EE38-0CFBDC33761D</referredTableID>
<keyObject>1694C231-1523-CDE8-7807-675BE90E6090</keyObject>
<referredKeyID>1694C231-1523-CDE8-7807-675BE90E6090</referredKeyID>
<mandatory>true</mandatory>
<refColNames>subject_id</refColNames>
<transferable>true</transferable>
<rely>false</rely>
<columnDependencyConstraintGenerateInDDL>true</columnDependencyConstraintGenerateInDDL>
</FKIndexAssociation>
