<?xml version = '1.0' encoding = 'UTF-8'?>
<FKIndexAssociation class="oracle.dbtools.crest.model.design.relational.FKIndexAssociation" directorySegmentName="seg_0" id="A289A3C8-AF34-FF0D-0B01-3BD69579904B" containerWithKeyObject="F78A985E-141A-35C4-2941-8628DABD7A37" localFKIndex="EA346793-C3A8-8959-0486-2B69841BB8D1" name="book_copy_fk">
<createdBy>PteFe</createdBy>
<createdTime>2024-09-16 09:04:55 UTC</createdTime>
<generatorID>33CB4E8B-2009-935F-CFF7-C9BA049329C7</generatorID>
<ownerDesignName>rcl_logica</ownerDesignName>
<referredTableLongName>BOOK</referredTableLongName>
<deleteRule>NO ACTION</deleteRule>
<referredTableID>E226A6E9-9B40-7FED-ECCD-84FC70CE5DAB</referredTableID>
<keyObject>8A16EA19-28B3-427A-B84A-3DED4717926D</keyObject>
<referredKeyID>8A16EA19-28B3-427A-B84A-3DED4717926D</referredKeyID>
<mandatory>true</mandatory>
<refColNames>book_ISBN</refColNames>
<transferable>true</transferable>
<rely>false</rely>
<columnDependencyConstraintGenerateInDDL>true</columnDependencyConstraintGenerateInDDL>
</FKIndexAssociation>
