<?xml version = '1.0' encoding = 'UTF-8'?>
<FKIndexAssociation class="oracle.dbtools.crest.model.design.relational.FKIndexAssociation" directorySegmentName="seg_0" id="CDF7B891-73EA-A52D-B8E4-B56020064E30" containerWithKeyObject="B0B4454E-602E-4A17-92AA-2A24740AD9AC" localFKIndex="1D376126-995D-CB46-378A-345F0B6086F1" name="publisher_entry_fk">
<createdBy>PteFe</createdBy>
<createdTime>2024-09-16 09:04:55 UTC</createdTime>
<generatorID>F864CB00-4B48-EC02-CBFE-E6C89652AF26</generatorID>
<ownerDesignName>rcl_logica</ownerDesignName>
<referredTableLongName>PUBLISHER</referredTableLongName>
<deleteRule>NO ACTION</deleteRule>
<referredTableID>824AD1A6-8EC2-4DEB-210E-D66A3CEB77F5</referredTableID>
<keyObject>F166BF24-497B-6643-20E5-62D53D4D0B1F</keyObject>
<referredKeyID>F166BF24-497B-6643-20E5-62D53D4D0B1F</referredKeyID>
<mandatory>true</mandatory>
<refColNames>publisher_id</refColNames>
<transferable>true</transferable>
<rely>false</rely>
<columnDependencyConstraintGenerateInDDL>true</columnDependencyConstraintGenerateInDDL>
</FKIndexAssociation>
