<?xml version = '1.0' encoding = 'UTF-8'?>
<FKIndexAssociation class="oracle.dbtools.crest.model.design.relational.FKIndexAssociation" directorySegmentName="seg_0" id="E35397A2-6D42-71BE-F949-5A9196C663ED" containerWithKeyObject="2891E6DB-D8B8-9387-1C31-796D3F059CA3" localFKIndex="F7EB6294-E20A-043D-3AFC-DDDF7FC5260B" name="loan_fine_fk">
<createdBy>PteFe</createdBy>
<createdTime>2024-09-16 09:04:55 UTC</createdTime>
<generatorID>5C1C40E5-8221-4900-8484-AB717C57D789</generatorID>
<ownerDesignName>rcl_logica</ownerDesignName>
<referredTableLongName>LOAN</referredTableLongName>
<deleteRule>NO ACTION</deleteRule>
<referredTableID>26412335-1771-FE25-B2BA-14A01844313A</referredTableID>
<keyObject>9E8F24CE-4635-C884-D2CD-340976DBEAD8</keyObject>
<referredKeyID>9E8F24CE-4635-C884-D2CD-340976DBEAD8</referredKeyID>
<mandatory>true</mandatory>
<refColNames>loan_id</refColNames>
<transferable>true</transferable>
<rely>false</rely>
<columnDependencyConstraintGenerateInDDL>true</columnDependencyConstraintGenerateInDDL>
</FKIndexAssociation>
