<?xml version = '1.0' encoding = 'UTF-8'?>
<FKIndexAssociation class="oracle.dbtools.crest.model.design.relational.FKIndexAssociation" directorySegmentName="seg_0" id="EF06210E-C1F8-CFAE-D8F4-2C1716BAF752" containerWithKeyObject="26412335-1771-FE25-B2BA-14A01844313A" localFKIndex="D6E56B85-25C4-92E7-FFB4-DA9EA185D1F6" name="copy_loan_fk">
<createdBy>PteFe</createdBy>
<createdTime>2024-09-16 09:04:55 UTC</createdTime>
<generatorID>F1FB6661-D749-C9E2-9550-69419AB65B12</generatorID>
<ownerDesignName>rcl_logica</ownerDesignName>
<referredTableLongName>COPY</referredTableLongName>
<deleteRule>NO ACTION</deleteRule>
<referredTableID>F78A985E-141A-35C4-2941-8628DABD7A37</referredTableID>
<keyObject>0A6143C4-A308-FFC5-F164-E3D1E69F6BF0</keyObject>
<referredKeyID>0A6143C4-A308-FFC5-F164-E3D1E69F6BF0</referredKeyID>
<mandatory>true</mandatory>
<refColNames>copy_id,branch_code</refColNames>
<transferable>true</transferable>
<rely>false</rely>
<columnDependencyConstraintGenerateInDDL>true</columnDependencyConstraintGenerateInDDL>
</FKIndexAssociation>
