<?xml version = '1.0' encoding = 'UTF-8'?>
<FKIndexAssociation class="oracle.dbtools.crest.model.design.relational.FKIndexAssociation" directorySegmentName="seg_0" id="FBAE5EE7-143C-14FA-FD69-1702C3CA3D91" containerWithKeyObject="7F4FBE61-97F0-33E2-E470-8CD58FD6FCF0" localFKIndex="211C207F-9202-F43E-6DAA-F928600BA069" name="borrower_branch_fk">
<createdBy>PteFe</createdBy>
<createdTime>2024-09-16 09:04:55 UTC</createdTime>
<generatorID>70008536-D74B-3C32-FDCF-2DFF6400DBE7</generatorID>
<ownerDesignName>rcl_logica</ownerDesignName>
<referredTableLongName>BRANCH</referredTableLongName>
<deleteRule>NO ACTION</deleteRule>
<referredTableID>BB494FA3-F5D3-6B03-DD47-76C9DB44F027</referredTableID>
<keyObject>2E740682-32E1-39CB-8FA8-DDC129F302AD</keyObject>
<referredKeyID>2E740682-32E1-39CB-8FA8-DDC129F302AD</referredKeyID>
<mandatory>true</mandatory>
<refColNames>branch_code</refColNames>
<transferable>true</transferable>
<rely>false</rely>
<columnDependencyConstraintGenerateInDDL>true</columnDependencyConstraintGenerateInDDL>
</FKIndexAssociation>
