<?xml version = '1.0' encoding = 'UTF-8'?>
<Diagram class="oracle.dbtools.crest.swingui.logical.DPVLogical" name="Logical" id="37007E6E-DFBC-A4E6-30F5-9BE94E9A8A67">
<createdBy>G186</createdBy>
<modifiedBy>G186</modifiedBy>
<createdTime>2024-09-14 01:32:08 UTC</createdTime>
<autoRoute>false</autoRoute>
<boxInbox>true</boxInbox>
<showLegend>true</showLegend>
<showLabels>true</showLabels>
<showRelAttributes>false</showRelAttributes>
<gridEnabled>false</gridEnabled>
<showGrid>false</showGrid>
<diagramColor>-1</diagramColor>
<legendPosX>0</legendPosX>
<legendPosY>0</legendPosY>
<display>false</display>
<notation>2</notation>
<showAllDetails>false</showAllDetails>
<showElements>true</showElements>
<objectViews>
<OView class="oracle.dbtools.crest.swingui.logical.TVEntity" oid="0144FDD5-E41F-981A-70FD-2D2818DEAF50" otype="Entity" vid="71F8CB6E-F191-0096-C386-95136396675D">
<hideElementsInCurrentOnly>false</hideElementsInCurrentOnly>
<bounds x="251" y="526" width="170" height="115"/>
</OView>
<OView class="oracle.dbtools.crest.swingui.logical.TVEntity" oid="106ADDF0-4AB9-7895-7717-05CA460E43BF" otype="Entity" vid="1EC62423-0BD3-F60F-F35C-3D7E03372B53">
<hideElementsInCurrentOnly>false</hideElementsInCurrentOnly>
<bounds x="803" y="685" width="206" height="127"/>
</OView>
<OView class="oracle.dbtools.crest.swingui.logical.TVEntity" oid="24FE60B7-34CE-37C3-9DF0-23DD2761B6E8" otype="Entity" vid="21667645-A38C-B94B-585C-C3D674CD0CEE">
<hideElementsInCurrentOnly>false</hideElementsInCurrentOnly>
<bounds x="131" y="876" width="170" height="64"/>
</OView>
<OView class="oracle.dbtools.crest.swingui.TVLegend" oid="2B1A8B03-3AFE-9138-773E-163350BD80C1" otype="Legend" vid="ADD35F0A-85E3-1B6A-9BD2-3FC367B6E0E3">
<hideElementsInCurrentOnly>false</hideElementsInCurrentOnly>
<bounds x="0" y="0" width="232" height="135"/>
</OView>
<OView class="oracle.dbtools.crest.swingui.logical.TVEntity" oid="4545FD9F-21FC-F7EF-D9B8-64B08D1F37C1" otype="Entity" vid="91B03C07-7671-5CD1-FE25-B5BAF4BC98A7">
<hideElementsInCurrentOnly>false</hideElementsInCurrentOnly>
<bounds x="732" y="283" width="153" height="139"/>
</OView>
<OView class="oracle.dbtools.crest.swingui.logical.TVEntity" oid="5027E103-41D2-D8AB-36A5-988FC50C76D3" otype="Entity" vid="E33130DD-4166-3F05-E290-D6441DBFCAEB">
<hideElementsInCurrentOnly>false</hideElementsInCurrentOnly>
<bounds x="729" y="897" width="170" height="115"/>
</OView>
<OView class="oracle.dbtools.crest.swingui.logical.TVEntity" oid="50EBA08B-5E27-9904-F9E0-658C0F487DF4" otype="Entity" vid="B132B680-DD95-C78C-EAF6-FE49C57BFEAA">
<hideElementsInCurrentOnly>false</hideElementsInCurrentOnly>
<bounds x="497" y="17" width="170" height="117"/>
</OView>
<OView class="oracle.dbtools.crest.swingui.logical.TVEntity" oid="52C4470B-647C-E1C5-CD17-39827341EC32" otype="Entity" vid="6F77C3EC-9EDF-83C9-7656-1227AE27A6A2">
<hideElementsInCurrentOnly>false</hideElementsInCurrentOnly>
<bounds x="128" y="709" width="170" height="116"/>
</OView>
<OView class="oracle.dbtools.crest.swingui.logical.TVEntity" oid="751A6CF8-3A37-F847-B638-32FB7287A1CB" otype="Entity" vid="783ED7FD-BB51-23F9-4DA7-F03CD8778017">
<hideElementsInCurrentOnly>false</hideElementsInCurrentOnly>
<bounds x="383" y="716" width="170" height="82"/>
</OView>
<OView class="oracle.dbtools.crest.swingui.logical.TVEntity" oid="7D4409A5-498F-F726-09EB-2639972789BF" otype="Entity" vid="A16187B2-BB6C-9518-34B3-E7E9E8DC3C30">
<hideElementsInCurrentOnly>false</hideElementsInCurrentOnly>
<bounds x="476" y="873" width="129" height="222"/>
</OView>
<OView class="oracle.dbtools.crest.swingui.logical.TVEntity" oid="84159E83-C63C-2557-D1D5-C39A42FF5432" otype="Entity" vid="8408FF78-1C99-BB31-32E2-80A18FDD01BD">
<hideElementsInCurrentOnly>false</hideElementsInCurrentOnly>
<bounds x="827" y="66" width="185" height="129"/>
</OView>
<OView class="oracle.dbtools.crest.swingui.logical.TVEntity" oid="AE55CC9A-9DE7-B373-1C7E-4A04E9A000C3" otype="Entity" vid="84C81A1B-BCCB-9E86-FD6C-D5D310611993">
<hideElementsInCurrentOnly>false</hideElementsInCurrentOnly>
<bounds x="133" y="1150" width="184" height="118"/>
</OView>
<OView class="oracle.dbtools.crest.swingui.logical.TVEntity" oid="AF29F63A-C594-BCD8-CDDA-BE9173A2F035" otype="Entity" vid="6352EC55-4BE7-FC0F-DD07-7307F3DF891B">
<hideElementsInCurrentOnly>false</hideElementsInCurrentOnly>
<bounds x="1176" y="55" width="204" height="149"/>
</OView>
<OView class="oracle.dbtools.crest.swingui.logical.TVEntity" oid="B97027D5-0687-FE94-9C7F-75C9A156BF39" otype="Entity" vid="E920F662-837C-7749-FAF2-D6AFEA9384B4">
<hideElementsInCurrentOnly>false</hideElementsInCurrentOnly>
<bounds x="134" y="996" width="170" height="91"/>
</OView>
<OView class="oracle.dbtools.crest.swingui.logical.TVEntity" oid="C079DC54-CC8E-3164-AF18-AC450E4B64A8" otype="Entity" vid="C3034EEB-C077-4209-D3FC-8A119E1E7696">
<hideElementsInCurrentOnly>false</hideElementsInCurrentOnly>
<bounds x="453" y="174" width="207" height="207"/>
</OView>
<OView class="oracle.dbtools.crest.swingui.logical.TVEntity" oid="CA650F3F-118F-03B6-F798-300BF9711F07" otype="Entity" vid="EBC6083C-18C7-CB6F-4FBD-4328DE73C7FB">
<hideElementsInCurrentOnly>false</hideElementsInCurrentOnly>
<bounds x="718" y="1092" width="170" height="114"/>
</OView>
<OView class="oracle.dbtools.crest.swingui.logical.TVEntity" oid="CCE6FDE2-E1EF-30F6-FD42-B510639AF352" otype="Entity" vid="A1D820BA-5E8C-6188-9D39-A6113C34F2B8">
<hideElementsInCurrentOnly>false</hideElementsInCurrentOnly>
<bounds x="541" y="541" width="190" height="151"/>
</OView>
<OView class="oracle.dbtools.crest.swingui.logical.TVEntity" oid="E271EFF5-23C4-F867-1F25-262D1DDC5E65" otype="Entity" vid="30C32CB9-CC9E-F28D-96B2-169230C8FDF6">
<hideElementsInCurrentOnly>false</hideElementsInCurrentOnly>
<bounds x="216" y="336" width="170" height="114"/>
</OView>
</objectViews>
<connectors>
<Connector class="oracle.dbtools.crest.swingui.logical.TVRelation" oid="0BBC6839-7605-1E41-61F5-3A3D7DC18C0D" otype="Relation" vid_source="A16187B2-BB6C-9518-34B3-E7E9E8DC3C30" vid_target="783ED7FD-BB51-23F9-4DA7-F03CD8778017">
<hideElementsInCurrentOnly>false</hideElementsInCurrentOnly>
<backgroundColor>-16777216</backgroundColor>
<lineWidth>1</lineWidth>
<sourceLabel class="oracle.dbtools.crest.model.design.Label">
<site>0</site>
<labelBounds x="514" y="836" width="31" height="31"/>
<noBackgroundColor>true</noBackgroundColor>
<noForegroundColor>true</noForegroundColor>
</sourceLabel>
<targetLabel class="oracle.dbtools.crest.model.design.Label">
<site>2</site>
<labelBounds x="514" y="835" width="18" height="31"/>
<noBackgroundColor>true</noBackgroundColor>
<noForegroundColor>true</noForegroundColor>
</targetLabel>
<points>
<point x="514" y="873"/>
<point x="514" y="798"/>
</points>
</Connector>
<Connector class="oracle.dbtools.crest.swingui.logical.TVRelation" oid="0D0BA253-4952-EF84-8E82-27A9D62F09EA" otype="Relation" vid_source="E33130DD-4166-3F05-E290-D6441DBFCAEB" vid_target="EBC6083C-18C7-CB6F-4FBD-4328DE73C7FB">
<hideElementsInCurrentOnly>false</hideElementsInCurrentOnly>
<backgroundColor>-16777216</backgroundColor>
<lineWidth>1</lineWidth>
<sourceLabel class="oracle.dbtools.crest.model.design.Label">
<site>0</site>
<labelBounds x="808" y="1050" width="41" height="32"/>
<noBackgroundColor>true</noBackgroundColor>
<noForegroundColor>true</noForegroundColor>
</sourceLabel>
<targetLabel class="oracle.dbtools.crest.model.design.Label">
<site>2</site>
<labelBounds x="808" y="1054" width="18" height="32"/>
<noBackgroundColor>true</noBackgroundColor>
<noForegroundColor>true</noForegroundColor>
</targetLabel>
<points>
<point x="808" y="1012"/>
<point x="808" y="1092"/>
</points>
</Connector>
<Connector class="oracle.dbtools.crest.swingui.logical.TVRelation" oid="1229180F-7CE9-330F-0B98-4680FDA913EE" otype="Relation" vid_source="C3034EEB-C077-4209-D3FC-8A119E1E7696" vid_target="A1D820BA-5E8C-6188-9D39-A6113C34F2B8">
<hideElementsInCurrentOnly>false</hideElementsInCurrentOnly>
<backgroundColor>-16777216</backgroundColor>
<lineWidth>1</lineWidth>
<sourceLabel class="oracle.dbtools.crest.model.design.Label">
<site>0</site>
<labelBounds x="600" y="417" width="38" height="30"/>
<noBackgroundColor>true</noBackgroundColor>
<noForegroundColor>true</noForegroundColor>
</sourceLabel>
<targetLabel class="oracle.dbtools.crest.model.design.Label">
<site>2</site>
<labelBounds x="600" y="505" width="18" height="30"/>
<noBackgroundColor>true</noBackgroundColor>
<noForegroundColor>true</noForegroundColor>
</targetLabel>
<points>
<point x="600" y="381"/>
<point x="600" y="541"/>
</points>
</Connector>
<Connector class="oracle.dbtools.crest.swingui.logical.TVRelation" oid="2301374F-3A81-A2DB-E95D-377A1D87C840" otype="Relation" vid_source="84C81A1B-BCCB-9E86-FD6C-D5D310611993" vid_target="E920F662-837C-7749-FAF2-D6AFEA9384B4">
<hideElementsInCurrentOnly>false</hideElementsInCurrentOnly>
<backgroundColor>-16777216</backgroundColor>
<lineWidth>1</lineWidth>
<sourceLabel class="oracle.dbtools.crest.model.design.Label">
<site>0</site>
<labelBounds x="219" y="1114" width="31" height="30"/>
<noBackgroundColor>true</noBackgroundColor>
<noForegroundColor>true</noForegroundColor>
</sourceLabel>
<targetLabel class="oracle.dbtools.crest.model.design.Label">
<site>2</site>
<labelBounds x="219" y="1123" width="18" height="30"/>
<noBackgroundColor>true</noBackgroundColor>
<noForegroundColor>true</noForegroundColor>
</targetLabel>
<points>
<point x="219" y="1150"/>
<point x="219" y="1087"/>
</points>
</Connector>
<Connector class="oracle.dbtools.crest.swingui.logical.TVRelation" oid="33CB4E8B-2009-935F-CFF7-C9BA049329C7" otype="Relation" vid_source="783ED7FD-BB51-23F9-4DA7-F03CD8778017" vid_target="1EC62423-0BD3-F60F-F35C-3D7E03372B53">
<hideElementsInCurrentOnly>false</hideElementsInCurrentOnly>
<backgroundColor>-16777216</backgroundColor>
<lineWidth>1</lineWidth>
<sourceLabel class="oracle.dbtools.crest.model.design.Label">
<site>0</site>
<labelBounds x="563" y="726" width="31" height="31"/>
<noBackgroundColor>true</noBackgroundColor>
<noForegroundColor>true</noForegroundColor>
</sourceLabel>
<targetLabel class="oracle.dbtools.crest.model.design.Label">
<site>2</site>
<labelBounds x="779" y="760" width="18" height="30"/>
<noBackgroundColor>true</noBackgroundColor>
<noForegroundColor>true</noForegroundColor>
</targetLabel>
<points>
<point x="553" y="757"/>
<point x="803" y="757"/>
</points>
</Connector>
<Connector class="oracle.dbtools.crest.swingui.logical.TVRelation" oid="3F245E7B-5382-F292-70A9-1B261E1C1F56" otype="Relation" vid_source="A16187B2-BB6C-9518-34B3-E7E9E8DC3C30" vid_target="EBC6083C-18C7-CB6F-4FBD-4328DE73C7FB">
<hideElementsInCurrentOnly>false</hideElementsInCurrentOnly>
<backgroundColor>-16777216</backgroundColor>
<lineWidth>1</lineWidth>
<sourceLabel class="oracle.dbtools.crest.model.design.Label">
<site>0</site>
<labelBounds x="615" y="1061" width="50" height="32"/>
<noBackgroundColor>true</noBackgroundColor>
<noForegroundColor>true</noForegroundColor>
</sourceLabel>
<targetLabel class="oracle.dbtools.crest.model.design.Label">
<site>2</site>
<labelBounds x="694" y="1096" width="18" height="32"/>
<noBackgroundColor>true</noBackgroundColor>
<noForegroundColor>true</noForegroundColor>
</targetLabel>
<points>
<point x="605" y="1093"/>
<point x="718" y="1093"/>
</points>
</Connector>
<Connector class="oracle.dbtools.crest.swingui.logical.TVRelation" oid="5A98B29C-0B28-4D5B-F850-7C56C8E46B45" otype="Relation" vid_source="C3034EEB-C077-4209-D3FC-8A119E1E7696" vid_target="91B03C07-7671-5CD1-FE25-B5BAF4BC98A7">
<hideElementsInCurrentOnly>false</hideElementsInCurrentOnly>
<backgroundColor>-16777216</backgroundColor>
<lineWidth>1</lineWidth>
<sourceLabel class="oracle.dbtools.crest.model.design.Label">
<site>0</site>
<labelBounds x="670" y="302" width="52" height="30"/>
<noBackgroundColor>true</noBackgroundColor>
<noForegroundColor>true</noForegroundColor>
</sourceLabel>
<targetLabel class="oracle.dbtools.crest.model.design.Label">
<site>2</site>
<labelBounds x="708" y="335" width="18" height="30"/>
<noBackgroundColor>true</noBackgroundColor>
<noForegroundColor>true</noForegroundColor>
</targetLabel>
<points>
<point x="660" y="332"/>
<point x="732" y="332"/>
</points>
</Connector>
<Connector class="oracle.dbtools.crest.swingui.logical.TVRelation" oid="5C1C40E5-8221-4900-8484-AB717C57D789" otype="Relation" vid_source="A1D820BA-5E8C-6188-9D39-A6113C34F2B8" vid_target="71F8CB6E-F191-0096-C386-95136396675D">
<hideElementsInCurrentOnly>false</hideElementsInCurrentOnly>
<backgroundColor>-16777216</backgroundColor>
<lineWidth>1</lineWidth>
<sourceLabel class="oracle.dbtools.crest.model.design.Label">
<site>0</site>
<labelBounds x="504" y="561" width="31" height="30"/>
<noBackgroundColor>true</noBackgroundColor>
<noForegroundColor>true</noForegroundColor>
</sourceLabel>
<targetLabel class="oracle.dbtools.crest.model.design.Label">
<site>2</site>
<labelBounds x="431" y="594" width="18" height="31"/>
<noBackgroundColor>true</noBackgroundColor>
<noForegroundColor>true</noForegroundColor>
</targetLabel>
<points>
<point x="541" y="591"/>
<point x="421" y="591"/>
</points>
</Connector>
<Connector class="oracle.dbtools.crest.swingui.logical.TVRelation" oid="5DB39FD2-0088-32E0-1E0D-B12B80503E2C" otype="Relation" vid_source="B132B680-DD95-C78C-EAF6-FE49C57BFEAA" vid_target="8408FF78-1C99-BB31-32E2-80A18FDD01BD">
<hideElementsInCurrentOnly>false</hideElementsInCurrentOnly>
<backgroundColor>-16777216</backgroundColor>
<lineWidth>1</lineWidth>
<sourceLabel class="oracle.dbtools.crest.model.design.Label">
<site>0</site>
<labelBounds x="677" y="70" width="55" height="30"/>
<noBackgroundColor>true</noBackgroundColor>
<noForegroundColor>true</noForegroundColor>
</sourceLabel>
<targetLabel class="oracle.dbtools.crest.model.design.Label">
<site>2</site>
<labelBounds x="803" y="103" width="18" height="30"/>
<noBackgroundColor>true</noBackgroundColor>
<noForegroundColor>true</noForegroundColor>
</targetLabel>
<points>
<point x="667" y="100"/>
<point x="827" y="100"/>
</points>
</Connector>
<Connector class="oracle.dbtools.crest.swingui.logical.TVRelation" oid="67814D91-EC81-4316-21D6-CD9C0BFAD6C9" otype="Relation" vid_source="6352EC55-4BE7-FC0F-DD07-7307F3DF891B" vid_target="8408FF78-1C99-BB31-32E2-80A18FDD01BD">
<hideElementsInCurrentOnly>false</hideElementsInCurrentOnly>
<backgroundColor>-16777216</backgroundColor>
<lineWidth>1</lineWidth>
<sourceLabel class="oracle.dbtools.crest.model.design.Label">
<site>0</site>
<labelBounds x="1112" y="100" width="58" height="30"/>
<noBackgroundColor>true</noBackgroundColor>
<noForegroundColor>true</noForegroundColor>
</sourceLabel>
<targetLabel class="oracle.dbtools.crest.model.design.Label">
<site>2</site>
<labelBounds x="1022" y="133" width="18" height="30"/>
<noBackgroundColor>true</noBackgroundColor>
<noForegroundColor>true</noForegroundColor>
</targetLabel>
<points>
<point x="1176" y="130"/>
<point x="1012" y="130"/>
</points>
</Connector>
<Connector class="oracle.dbtools.crest.swingui.logical.TVRelation" oid="70008536-D74B-3C32-FDCF-2DFF6400DBE7" otype="Relation" vid_source="8408FF78-1C99-BB31-32E2-80A18FDD01BD" vid_target="C3034EEB-C077-4209-D3FC-8A119E1E7696">
<hideElementsInCurrentOnly>false</hideElementsInCurrentOnly>
<backgroundColor>-16777216</backgroundColor>
<lineWidth>1</lineWidth>
<sourceLabel class="oracle.dbtools.crest.model.design.Label">
<site>0</site>
<labelBounds x="760" y="154" width="61" height="30"/>
<noBackgroundColor>true</noBackgroundColor>
<noForegroundColor>true</noForegroundColor>
</sourceLabel>
<targetLabel class="oracle.dbtools.crest.model.design.Label">
<site>2</site>
<labelBounds x="670" y="187" width="18" height="30"/>
<noBackgroundColor>true</noBackgroundColor>
<noForegroundColor>true</noForegroundColor>
</targetLabel>
<points>
<point x="827" y="184"/>
<point x="660" y="184"/>
</points>
</Connector>
<Connector class="oracle.dbtools.crest.swingui.logical.TVRelation" oid="80E97201-5ABE-41E4-5F67-97C422B8CD32" otype="Relation" vid_source="A16187B2-BB6C-9518-34B3-E7E9E8DC3C30" vid_target="E920F662-837C-7749-FAF2-D6AFEA9384B4">
<hideElementsInCurrentOnly>false</hideElementsInCurrentOnly>
<backgroundColor>-16777216</backgroundColor>
<lineWidth>1</lineWidth>
<sourceLabel class="oracle.dbtools.crest.model.design.Label">
<site>0</site>
<labelBounds x="439" y="1011" width="31" height="30"/>
<noBackgroundColor>true</noBackgroundColor>
<noForegroundColor>true</noForegroundColor>
</sourceLabel>
<targetLabel class="oracle.dbtools.crest.model.design.Label">
<site>2</site>
<labelBounds x="314" y="1044" width="18" height="30"/>
<noBackgroundColor>true</noBackgroundColor>
<noForegroundColor>true</noForegroundColor>
</targetLabel>
<points>
<point x="476" y="1041"/>
<point x="304" y="1041"/>
</points>
</Connector>
<Connector class="oracle.dbtools.crest.swingui.logical.TVRelation" oid="B7B87C85-4816-12F6-1FD2-808163541319" otype="Relation" vid_source="30C32CB9-CC9E-F28D-96B2-169230C8FDF6" vid_target="C3034EEB-C077-4209-D3FC-8A119E1E7696">
<hideElementsInCurrentOnly>false</hideElementsInCurrentOnly>
<backgroundColor>-16777216</backgroundColor>
<lineWidth>1</lineWidth>
<sourceLabel class="oracle.dbtools.crest.model.design.Label">
<site>0</site>
<labelBounds x="396" y="325" width="57" height="33"/>
<noBackgroundColor>true</noBackgroundColor>
<noForegroundColor>true</noForegroundColor>
</sourceLabel>
<targetLabel class="oracle.dbtools.crest.model.design.Label">
<site>2</site>
<labelBounds x="429" y="361" width="18" height="30"/>
<noBackgroundColor>true</noBackgroundColor>
<noForegroundColor>true</noForegroundColor>
</targetLabel>
<points>
<point x="386" y="358"/>
<point x="453" y="358"/>
</points>
</Connector>
<Connector class="oracle.dbtools.crest.swingui.logical.TVRelation" oid="BEFA4954-D94F-44BF-7769-81761AA6FB92" otype="Relation" vid_source="6F77C3EC-9EDF-83C9-7656-1227AE27A6A2" vid_target="783ED7FD-BB51-23F9-4DA7-F03CD8778017">
<hideElementsInCurrentOnly>false</hideElementsInCurrentOnly>
<backgroundColor>-16777216</backgroundColor>
<lineWidth>1</lineWidth>
<sourceLabel class="oracle.dbtools.crest.model.design.Label">
<site>0</site>
<labelBounds x="308" y="726" width="50" height="31"/>
<noBackgroundColor>true</noBackgroundColor>
<noForegroundColor>true</noForegroundColor>
</sourceLabel>
<targetLabel class="oracle.dbtools.crest.model.design.Label">
<site>2</site>
<labelBounds x="359" y="760" width="18" height="31"/>
<noBackgroundColor>true</noBackgroundColor>
<noForegroundColor>true</noForegroundColor>
</targetLabel>
<points>
<point x="298" y="757"/>
<point x="383" y="757"/>
</points>
</Connector>
<Connector class="oracle.dbtools.crest.swingui.logical.TVRelation" oid="CA9A1186-7D8E-7FED-C8A9-B4A3B676A58D" otype="Relation" vid_source="1EC62423-0BD3-F60F-F35C-3D7E03372B53" vid_target="91B03C07-7671-5CD1-FE25-B5BAF4BC98A7">
<hideElementsInCurrentOnly>false</hideElementsInCurrentOnly>
<backgroundColor>-16777216</backgroundColor>
<lineWidth>1</lineWidth>
<sourceLabel class="oracle.dbtools.crest.model.design.Label">
<site>0</site>
<labelBounds x="844" y="641" width="67" height="30"/>
<noBackgroundColor>true</noBackgroundColor>
<noForegroundColor>true</noForegroundColor>
</sourceLabel>
<targetLabel class="oracle.dbtools.crest.model.design.Label">
<site>2</site>
<labelBounds x="844" y="466" width="18" height="30"/>
<noBackgroundColor>true</noBackgroundColor>
<noForegroundColor>true</noForegroundColor>
</targetLabel>
<points>
<point x="844" y="685"/>
<point x="844" y="422"/>
</points>
</Connector>
<Connector class="oracle.dbtools.crest.swingui.logical.TVRelation" oid="DCEC5DC9-D3FA-0264-8DE2-1F2BEE35BC41" otype="Relation" vid_source="8408FF78-1C99-BB31-32E2-80A18FDD01BD" vid_target="6352EC55-4BE7-FC0F-DD07-7307F3DF891B">
<hideElementsInCurrentOnly>false</hideElementsInCurrentOnly>
<backgroundColor>-16777216</backgroundColor>
<lineWidth>1</lineWidth>
<sourceLabel class="oracle.dbtools.crest.model.design.Label">
<site>0</site>
<labelBounds x="1022" y="115" width="55" height="30"/>
<noBackgroundColor>true</noBackgroundColor>
<noForegroundColor>true</noForegroundColor>
</sourceLabel>
<targetLabel class="oracle.dbtools.crest.model.design.Label">
<site>2</site>
<labelBounds x="1149" y="148" width="21" height="30"/>
<noBackgroundColor>true</noBackgroundColor>
<noForegroundColor>true</noForegroundColor>
</targetLabel>
<points>
<point x="1012" y="145"/>
<point x="1176" y="145"/>
</points>
</Connector>
<Connector class="oracle.dbtools.crest.swingui.logical.TVRelation" oid="F1FB6661-D749-C9E2-9550-69419AB65B12" otype="Relation" vid_source="1EC62423-0BD3-F60F-F35C-3D7E03372B53" vid_target="A1D820BA-5E8C-6188-9D39-A6113C34F2B8">
<hideElementsInCurrentOnly>false</hideElementsInCurrentOnly>
<backgroundColor>-16777216</backgroundColor>
<lineWidth>1</lineWidth>
<sourceLabel class="oracle.dbtools.crest.model.design.Label">
<site>0</site>
<labelBounds x="742" y="658" width="55" height="30"/>
<noBackgroundColor>true</noBackgroundColor>
<noForegroundColor>true</noForegroundColor>
</sourceLabel>
<targetLabel class="oracle.dbtools.crest.model.design.Label">
<site>2</site>
<labelBounds x="741" y="691" width="18" height="30"/>
<noBackgroundColor>true</noBackgroundColor>
<noForegroundColor>true</noForegroundColor>
</targetLabel>
<points>
<point x="803" y="688"/>
<point x="731" y="688"/>
</points>
</Connector>
<Connector class="oracle.dbtools.crest.swingui.logical.TVRelation" oid="F864CB00-4B48-EC02-CBFE-E6C89652AF26" otype="Relation" vid_source="21667645-A38C-B94B-585C-C3D674CD0CEE" vid_target="A16187B2-BB6C-9518-34B3-E7E9E8DC3C30">
<hideElementsInCurrentOnly>false</hideElementsInCurrentOnly>
<backgroundColor>-16777216</backgroundColor>
<lineWidth>1</lineWidth>
<sourceLabel class="oracle.dbtools.crest.model.design.Label">
<site>0</site>
<labelBounds x="311" y="877" width="59" height="31"/>
<noBackgroundColor>true</noBackgroundColor>
<noForegroundColor>true</noForegroundColor>
</sourceLabel>
<targetLabel class="oracle.dbtools.crest.model.design.Label">
<site>2</site>
<labelBounds x="452" y="911" width="18" height="31"/>
<noBackgroundColor>true</noBackgroundColor>
<noForegroundColor>true</noForegroundColor>
</targetLabel>
<points>
<point x="301" y="908"/>
<point x="476" y="908"/>
</points>
</Connector>
<Connector class="oracle.dbtools.crest.swingui.logical.TVRelation" oid="FAF2D64C-5825-EF5A-C409-08614AAB34F4" otype="Relation" vid_source="8408FF78-1C99-BB31-32E2-80A18FDD01BD" vid_target="1EC62423-0BD3-F60F-F35C-3D7E03372B53">
<hideElementsInCurrentOnly>false</hideElementsInCurrentOnly>
<backgroundColor>-16777216</backgroundColor>
<lineWidth>1</lineWidth>
<sourceLabel class="oracle.dbtools.crest.model.design.Label">
<site>0</site>
<labelBounds x="918" y="263" width="40" height="30"/>
<noBackgroundColor>true</noBackgroundColor>
<noForegroundColor>true</noForegroundColor>
</sourceLabel>
<targetLabel class="oracle.dbtools.crest.model.design.Label">
<site>2</site>
<labelBounds x="918" y="625" width="18" height="30"/>
<noBackgroundColor>true</noBackgroundColor>
<noForegroundColor>true</noForegroundColor>
</targetLabel>
<points>
<point x="918" y="195"/>
<point x="918" y="685"/>
</points>
</Connector>
</connectors>
</Diagram>
