<?xml version = '1.0' encoding = 'UTF-8'?>
<Diagram class="oracle.dbtools.crest.swingui.relational.DPVRelational" name="Relational_1" id="BF8CB5A2-1910-FF3D-5C62-C2DD0A70FA5C">
<createdBy>PteFe</createdBy>
<modifiedBy>PteFe</modifiedBy>
<createdTime>2024-09-14 02:10:35 UTC</createdTime>
<autoRoute>false</autoRoute>
<boxInbox>true</boxInbox>
<showLegend>false</showLegend>
<showLabels>false</showLabels>
<showRelAttributes>false</showRelAttributes>
<gridEnabled>false</gridEnabled>
<showGrid>false</showGrid>
<diagramColor>-1</diagramColor>
<display>false</display>
<notation>1</notation>
<objectViews>
<OView class="oracle.dbtools.crest.swingui.relational.TVTable" oid="1C91B390-45A5-4546-1E52-359F5C302A91" otype="Table" vid="EFA58A49-6F7F-A936-C088-5F81FE3F35D5">
<hideElementsInCurrentOnly>false</hideElementsInCurrentOnly>
<bounds x="727" y="1066" width="170" height="114"/>
</OView>
<OView class="oracle.dbtools.crest.swingui.relational.TVTable" oid="25F6BC5E-1131-B9F5-EE38-0CFBDC33761D" otype="Table" vid="F0F94FF0-6FCD-C124-AFCB-4124AB7D44EC">
<hideElementsInCurrentOnly>false</hideElementsInCurrentOnly>
<bounds x="140" y="1152" width="184" height="118"/>
</OView>
<OView class="oracle.dbtools.crest.swingui.relational.TVTable" oid="26412335-1771-FE25-B2BA-14A01844313A" otype="Table" vid="5B5120C3-8A7C-8C00-01BE-E52FFC49756C">
<hideElementsInCurrentOnly>false</hideElementsInCurrentOnly>
<bounds x="548" y="463" width="190" height="252"/>
</OView>
<OView class="oracle.dbtools.crest.swingui.relational.TVTable" oid="2891E6DB-D8B8-9387-1C31-796D3F059CA3" otype="Table" vid="9DCF8BF1-6D64-FE92-6369-5C63BDD1FD78">
<hideElementsInCurrentOnly>false</hideElementsInCurrentOnly>
<bounds x="251" y="526" width="170" height="115"/>
</OView>
<OView class="oracle.dbtools.crest.swingui.relational.TVTable" oid="4A0F0CDA-7282-978C-D3AD-14FCFFAD7076" otype="Table" vid="22EB8F9E-9B32-BF59-E4B2-46F0D39550EC">
<hideElementsInCurrentOnly>false</hideElementsInCurrentOnly>
<bounds x="729" y="897" width="170" height="115"/>
</OView>
<OView class="oracle.dbtools.crest.swingui.relational.TVTable" oid="5122A287-A843-C5AE-CD7A-CAA81A7668E2" otype="Table" vid="21776BB6-F537-5582-1702-DB9381FF7227">
<hideElementsInCurrentOnly>false</hideElementsInCurrentOnly>
<bounds x="128" y="709" width="170" height="116"/>
</OView>
<OView class="oracle.dbtools.crest.swingui.relational.TVTable" oid="694C623D-5464-F97B-28A7-03D56249576A" otype="Table" vid="0DB67A79-FA3A-4C5F-376D-DDA433D24FD3">
<hideElementsInCurrentOnly>false</hideElementsInCurrentOnly>
<bounds x="497" y="17" width="170" height="117"/>
</OView>
<OView class="oracle.dbtools.crest.swingui.relational.TVTable" oid="7CB9AE9B-DE13-D01E-BCFA-EA0DD6404BE8" otype="Table" vid="3E94EEC1-A4F9-4BEB-4287-14556585182E">
<hideElementsInCurrentOnly>false</hideElementsInCurrentOnly>
<bounds x="732" y="283" width="153" height="166"/>
</OView>
<OView class="oracle.dbtools.crest.swingui.relational.TVTable" oid="7F4FBE61-97F0-33E2-E470-8CD58FD6FCF0" otype="Table" vid="605FE91D-5628-4A27-86DC-E8E67D4B9BB7">
<hideElementsInCurrentOnly>false</hideElementsInCurrentOnly>
<bounds x="453" y="159" width="207" height="257"/>
</OView>
<OView class="oracle.dbtools.crest.swingui.relational.TVTable" oid="824AD1A6-8EC2-4DEB-210E-D66A3CEB77F5" otype="Table" vid="B29C1874-C8ED-12F5-D749-4B2AECB29772">
<hideElementsInCurrentOnly>false</hideElementsInCurrentOnly>
<bounds x="131" y="876" width="170" height="92"/>
</OView>
<OView class="oracle.dbtools.crest.swingui.relational.TVTable" oid="89F2B1E8-73CC-D522-D1D5-6E464AE39F76" otype="Table" vid="B59F2BD3-1D83-1C26-8894-0FBEB8A38DA2">
<hideElementsInCurrentOnly>false</hideElementsInCurrentOnly>
<bounds x="216" y="336" width="170" height="114"/>
</OView>
<OView class="oracle.dbtools.crest.swingui.relational.TVTable" oid="8C8FD470-428C-C765-9F58-32D388E08D6A" otype="Table" vid="016E1449-9F42-B9A5-545C-193849DAED0C">
<hideElementsInCurrentOnly>false</hideElementsInCurrentOnly>
<bounds x="1176" y="55" width="204" height="191"/>
</OView>
<OView class="oracle.dbtools.crest.swingui.relational.TVTable" oid="B0B4454E-602E-4A17-92AA-2A24740AD9AC" otype="Table" vid="A85C0208-33AB-69D4-88CA-7EFBE719A0D8">
<hideElementsInCurrentOnly>false</hideElementsInCurrentOnly>
<bounds x="457" y="963" width="129" height="268"/>
</OView>
<OView class="oracle.dbtools.crest.swingui.relational.TVTable" oid="BB494FA3-F5D3-6B03-DD47-76C9DB44F027" otype="Table" vid="84997B36-99E7-BDBB-944C-7737CCCCF124">
<hideElementsInCurrentOnly>false</hideElementsInCurrentOnly>
<bounds x="827" y="66" width="185" height="176"/>
</OView>
<OView class="oracle.dbtools.crest.swingui.relational.TVTable" oid="E226A6E9-9B40-7FED-ECCD-84FC70CE5DAB" otype="Table" vid="BD6F44B3-62F4-21CB-4CBE-B8E092F47657">
<hideElementsInCurrentOnly>false</hideElementsInCurrentOnly>
<bounds x="441" y="739" width="170" height="142"/>
</OView>
<OView class="oracle.dbtools.crest.swingui.relational.TVTable" oid="F3F22799-F6BE-8EA2-678F-BBD3FB0E9058" otype="Table" vid="7AADF2A2-BBE5-014F-749B-2344829FC135">
<hideElementsInCurrentOnly>false</hideElementsInCurrentOnly>
<bounds x="149" y="986" width="170" height="115"/>
</OView>
<OView class="oracle.dbtools.crest.swingui.relational.TVTable" oid="F78A985E-141A-35C4-2941-8628DABD7A37" otype="Table" vid="2112BC62-EB99-A013-FFA4-0ADE7AA6A868">
<hideElementsInCurrentOnly>false</hideElementsInCurrentOnly>
<bounds x="829" y="594" width="206" height="188"/>
</OView>
</objectViews>
<connectors>
<Connector class="oracle.dbtools.crest.swingui.relational.TVFKRelation" oid="1AEF75C8-98EA-EC78-235C-AE397D3E1743" otype="FKIndexAssociation" vid_source="605FE91D-5628-4A27-86DC-E8E67D4B9BB7" vid_target="3E94EEC1-A4F9-4BEB-4287-14556585182E">
<hideElementsInCurrentOnly>false</hideElementsInCurrentOnly>
<backgroundColor>-16777216</backgroundColor>
<lineWidth>1</lineWidth>
<points>
<point x="660" y="349"/>
<point x="732" y="349"/>
</points>
</Connector>
<Connector class="oracle.dbtools.crest.swingui.relational.TVFKRelation" oid="1F9166DD-264F-F48E-6DE5-F0A3B0BC1566" otype="FKIndexAssociation" vid_source="B59F2BD3-1D83-1C26-8894-0FBEB8A38DA2" vid_target="605FE91D-5628-4A27-86DC-E8E67D4B9BB7">
<hideElementsInCurrentOnly>false</hideElementsInCurrentOnly>
<backgroundColor>-16777216</backgroundColor>
<lineWidth>1</lineWidth>
<points>
<point x="386" y="376"/>
<point x="453" y="376"/>
</points>
</Connector>
<Connector class="oracle.dbtools.crest.swingui.relational.TVFKRelation" oid="3D77D4C0-082F-E648-2D8E-D4C95F50D9D2" otype="FKIndexAssociation" vid_source="84997B36-99E7-BDBB-944C-7737CCCCF124" vid_target="2112BC62-EB99-A013-FFA4-0ADE7AA6A868">
<hideElementsInCurrentOnly>false</hideElementsInCurrentOnly>
<backgroundColor>-16777216</backgroundColor>
<lineWidth>1</lineWidth>
<points>
<point x="920" y="242"/>
<point x="920" y="594"/>
</points>
</Connector>
<Connector class="oracle.dbtools.crest.swingui.relational.TVFKRelation" oid="4401DC8A-76F7-A749-DA8B-83C1DCEBA594" otype="FKIndexAssociation" vid_source="016E1449-9F42-B9A5-545C-193849DAED0C" vid_target="84997B36-99E7-BDBB-944C-7737CCCCF124">
<hideElementsInCurrentOnly>false</hideElementsInCurrentOnly>
<backgroundColor>-16777216</backgroundColor>
<lineWidth>1</lineWidth>
<points>
<point x="1176" y="169"/>
<point x="1012" y="169"/>
</points>
</Connector>
<Connector class="oracle.dbtools.crest.swingui.relational.TVFKRelation" oid="4CB563F9-98D6-16EF-69DD-8011EFD0775A" otype="FKIndexAssociation" vid_source="22EB8F9E-9B32-BF59-E4B2-46F0D39550EC" vid_target="EFA58A49-6F7F-A936-C088-5F81FE3F35D5">
<hideElementsInCurrentOnly>false</hideElementsInCurrentOnly>
<backgroundColor>-16777216</backgroundColor>
<lineWidth>1</lineWidth>
<points>
<point x="828" y="1012"/>
<point x="828" y="1066"/>
</points>
</Connector>
<Connector class="oracle.dbtools.crest.swingui.relational.TVFKRelation" oid="4D3916A7-6E76-B362-49AA-BC9399090286" otype="FKIndexAssociation" vid_source="A85C0208-33AB-69D4-88CA-7EFBE719A0D8" vid_target="EFA58A49-6F7F-A936-C088-5F81FE3F35D5">
<hideElementsInCurrentOnly>false</hideElementsInCurrentOnly>
<backgroundColor>-16777216</backgroundColor>
<lineWidth>1</lineWidth>
<points>
<point x="586" y="1123"/>
<point x="727" y="1123"/>
</points>
</Connector>
<Connector class="oracle.dbtools.crest.swingui.relational.TVFKRelation" oid="5AAC7709-7283-138D-0A9C-6B48015B0ADE" otype="FKIndexAssociation" vid_source="A85C0208-33AB-69D4-88CA-7EFBE719A0D8" vid_target="BD6F44B3-62F4-21CB-4CBE-B8E092F47657">
<hideElementsInCurrentOnly>false</hideElementsInCurrentOnly>
<backgroundColor>-16777216</backgroundColor>
<lineWidth>1</lineWidth>
<points>
<point x="521" y="963"/>
<point x="521" y="881"/>
</points>
</Connector>
<Connector class="oracle.dbtools.crest.swingui.relational.TVFKRelation" oid="63E54546-021B-AB7E-7EDC-6D1E8547EE1A" otype="FKIndexAssociation" vid_source="0DB67A79-FA3A-4C5F-376D-DDA433D24FD3" vid_target="84997B36-99E7-BDBB-944C-7737CCCCF124">
<hideElementsInCurrentOnly>false</hideElementsInCurrentOnly>
<backgroundColor>-16777216</backgroundColor>
<lineWidth>1</lineWidth>
<points>
<point x="667" y="115"/>
<point x="827" y="115"/>
</points>
</Connector>
<Connector class="oracle.dbtools.crest.swingui.relational.TVFKRelation" oid="679CF34E-9D6B-ACE2-7B4B-376540615D1F" otype="FKIndexAssociation" vid_source="21776BB6-F537-5582-1702-DB9381FF7227" vid_target="BD6F44B3-62F4-21CB-4CBE-B8E092F47657">
<hideElementsInCurrentOnly>false</hideElementsInCurrentOnly>
<backgroundColor>-16777216</backgroundColor>
<lineWidth>1</lineWidth>
<points>
<point x="298" y="782"/>
<point x="441" y="782"/>
</points>
</Connector>
<Connector class="oracle.dbtools.crest.swingui.relational.TVFKRelation" oid="684D427D-09CA-4C3E-C5BA-DFE4F9C98E2E" otype="FKIndexAssociation" vid_source="84997B36-99E7-BDBB-944C-7737CCCCF124" vid_target="016E1449-9F42-B9A5-545C-193849DAED0C">
<hideElementsInCurrentOnly>false</hideElementsInCurrentOnly>
<backgroundColor>-16777216</backgroundColor>
<lineWidth>1</lineWidth>
<points>
<point x="1012" y="184"/>
<point x="1176" y="184"/>
</points>
</Connector>
<Connector class="oracle.dbtools.crest.swingui.relational.TVFKRelation" oid="750C4F5E-3993-1132-C2DF-10CE629C5656" otype="FKIndexAssociation" vid_source="2112BC62-EB99-A013-FFA4-0ADE7AA6A868" vid_target="3E94EEC1-A4F9-4BEB-4287-14556585182E">
<hideElementsInCurrentOnly>false</hideElementsInCurrentOnly>
<backgroundColor>-16777216</backgroundColor>
<lineWidth>1</lineWidth>
<points>
<point x="857" y="594"/>
<point x="857" y="449"/>
</points>
</Connector>
<Connector class="oracle.dbtools.crest.swingui.relational.TVFKRelation" oid="7B14EEF4-1694-CEF9-611C-3625DC5860B9" otype="FKIndexAssociation" vid_source="A85C0208-33AB-69D4-88CA-7EFBE719A0D8" vid_target="7AADF2A2-BBE5-014F-749B-2344829FC135">
<hideElementsInCurrentOnly>false</hideElementsInCurrentOnly>
<backgroundColor>-16777216</backgroundColor>
<lineWidth>1</lineWidth>
<points>
<point x="457" y="1043"/>
<point x="319" y="1043"/>
</points>
</Connector>
<Connector class="oracle.dbtools.crest.swingui.relational.TVFKRelation" oid="7D96733D-7D00-138B-A737-4D89C4A4F041" otype="FKIndexAssociation" vid_source="605FE91D-5628-4A27-86DC-E8E67D4B9BB7" vid_target="5B5120C3-8A7C-8C00-01BE-E52FFC49756C">
<hideElementsInCurrentOnly>false</hideElementsInCurrentOnly>
<backgroundColor>-16777216</backgroundColor>
<lineWidth>1</lineWidth>
<points>
<point x="604" y="416"/>
<point x="604" y="463"/>
</points>
</Connector>
<Connector class="oracle.dbtools.crest.swingui.relational.TVFKRelation" oid="802EBE18-EA9E-9F14-E8F3-43AFC7264165" otype="FKIndexAssociation" vid_source="F0F94FF0-6FCD-C124-AFCB-4124AB7D44EC" vid_target="7AADF2A2-BBE5-014F-749B-2344829FC135">
<hideElementsInCurrentOnly>false</hideElementsInCurrentOnly>
<backgroundColor>-16777216</backgroundColor>
<lineWidth>1</lineWidth>
<points>
<point x="234" y="1152"/>
<point x="234" y="1101"/>
</points>
</Connector>
<Connector class="oracle.dbtools.crest.swingui.relational.TVFKRelation" oid="A289A3C8-AF34-FF0D-0B01-3BD69579904B" otype="FKIndexAssociation" vid_source="BD6F44B3-62F4-21CB-4CBE-B8E092F47657" vid_target="2112BC62-EB99-A013-FFA4-0ADE7AA6A868">
<hideElementsInCurrentOnly>false</hideElementsInCurrentOnly>
<backgroundColor>-16777216</backgroundColor>
<lineWidth>1</lineWidth>
<points>
<point x="611" y="760"/>
<point x="829" y="760"/>
</points>
</Connector>
<Connector class="oracle.dbtools.crest.swingui.relational.TVFKRelation" oid="CDF7B891-73EA-A52D-B8E4-B56020064E30" otype="FKIndexAssociation" vid_source="B29C1874-C8ED-12F5-D749-4B2AECB29772" vid_target="A85C0208-33AB-69D4-88CA-7EFBE719A0D8">
<hideElementsInCurrentOnly>false</hideElementsInCurrentOnly>
<backgroundColor>-16777216</backgroundColor>
<lineWidth>1</lineWidth>
<points>
<point x="301" y="965"/>
<point x="457" y="965"/>
</points>
</Connector>
<Connector class="oracle.dbtools.crest.swingui.relational.TVFKRelation" oid="E35397A2-6D42-71BE-F949-5A9196C663ED" otype="FKIndexAssociation" vid_source="5B5120C3-8A7C-8C00-01BE-E52FFC49756C" vid_target="9DCF8BF1-6D64-FE92-6369-5C63BDD1FD78">
<hideElementsInCurrentOnly>false</hideElementsInCurrentOnly>
<backgroundColor>-16777216</backgroundColor>
<lineWidth>1</lineWidth>
<points>
<point x="548" y="568"/>
<point x="421" y="568"/>
</points>
</Connector>
<Connector class="oracle.dbtools.crest.swingui.relational.TVFKRelation" oid="EF06210E-C1F8-CFAE-D8F4-2C1716BAF752" otype="FKIndexAssociation" vid_source="2112BC62-EB99-A013-FFA4-0ADE7AA6A868" vid_target="5B5120C3-8A7C-8C00-01BE-E52FFC49756C">
<hideElementsInCurrentOnly>false</hideElementsInCurrentOnly>
<backgroundColor>-16777216</backgroundColor>
<lineWidth>1</lineWidth>
<points>
<point x="829" y="654"/>
<point x="738" y="654"/>
</points>
</Connector>
<Connector class="oracle.dbtools.crest.swingui.relational.TVFKRelation" oid="FBAE5EE7-143C-14FA-FD69-1702C3CA3D91" otype="FKIndexAssociation" vid_source="84997B36-99E7-BDBB-944C-7737CCCCF124" vid_target="605FE91D-5628-4A27-86DC-E8E67D4B9BB7">
<hideElementsInCurrentOnly>false</hideElementsInCurrentOnly>
<backgroundColor>-16777216</backgroundColor>
<lineWidth>1</lineWidth>
<points>
<point x="827" y="200"/>
<point x="660" y="200"/>
</points>
</Connector>
</connectors>
</Diagram>
