<?xml version = '1.0' encoding = 'UTF-8'?>
<Relation class="oracle.dbtools.crest.model.design.logical.Relation" name="entry_book_fk" directorySegmentName="seg_0" id="0BBC6839-7605-1E41-61F5-3A3D7DC18C0D">
<createdBy>PteFe</createdBy>
<createdTime>2024-09-16 03:31:59 UTC</createdTime>
<ownerDesignName>rcl_logica</ownerDesignName>
<engineerTo>
<item key="6679B3BA-867A-466C-B8E6-23394B3973B4" value="true"/>
</engineerTo>
<sourcePk>1E324D27-E27B-0FCC-69D7-883241804144</sourcePk>
<identifying>false</identifying>
<nameOnSource>has</nameOnSource>
<nameOnTarget> </nameOnTarget>
<optionalSource>false</optionalSource>
<optionalTarget>false</optionalTarget>
<sourceCardinality>1</sourceCardinality>
<sourceEntity>7D4409A5-498F-F726-09EB-2639972789BF</sourceEntity>
<targetCardinalityString>*</targetCardinalityString>
<targetEntity>751A6CF8-3A37-F847-B638-32FB7287A1CB</targetEntity>
<transferable>true</transferable>
<deleteRule>NO ACTION</deleteRule>
</Relation>
