<?xml version = '1.0' encoding = 'UTF-8'?>
<Relation class="oracle.dbtools.crest.model.design.logical.Relation" name="author_authorship" directorySegmentName="seg_0" id="0D0BA253-4952-EF84-8E82-27A9D62F09EA">
<createdBy>PteFe</createdBy>
<createdTime>2024-09-16 03:45:45 UTC</createdTime>
<ownerDesignName>rcl_logica</ownerDesignName>
<engineerTo>
<item key="6679B3BA-867A-466C-B8E6-23394B3973B4" value="true"/>
</engineerTo>
<sourcePk>089B2568-6EB0-DEF2-994F-297C0FA92CF0</sourcePk>
<identifying>true</identifying>
<nameOnSource>writes</nameOnSource>
<nameOnTarget> </nameOnTarget>
<optionalSource>false</optionalSource>
<optionalTarget>false</optionalTarget>
<sourceCardinality>1</sourceCardinality>
<sourceEntity>5027E103-41D2-D8AB-36A5-988FC50C76D3</sourceEntity>
<targetCardinalityString>*</targetCardinalityString>
<targetEntity>CA650F3F-118F-03B6-F798-300BF9711F07</targetEntity>
<transferable>true</transferable>
<deleteRule>NO ACTION</deleteRule>
</Relation>
