<?xml version = '1.0' encoding = 'UTF-8'?>
<Relation class="oracle.dbtools.crest.model.design.logical.Relation" name="borrower_loan_fk" directorySegmentName="seg_0" id="1229180F-7CE9-330F-0B98-4680FDA913EE">
<createdBy>PteFe</createdBy>
<createdTime>2024-09-16 03:31:59 UTC</createdTime>
<ownerDesignName>rcl_logica</ownerDesignName>
<engineerTo>
<item key="6679B3BA-867A-466C-B8E6-23394B3973B4" value="true"/>
</engineerTo>
<sourcePk>7167D2C0-109A-C58C-1914-73B791EE4AC4</sourcePk>
<identifying>true</identifying>
<nameOnSource>takes</nameOnSource>
<nameOnTarget> </nameOnTarget>
<optionalSource>true</optionalSource>
<optionalTarget>false</optionalTarget>
<sourceCardinality>1</sourceCardinality>
<sourceEntity>C079DC54-CC8E-3164-AF18-AC450E4B64A8</sourceEntity>
<targetCardinalityString>*</targetCardinalityString>
<targetEntity>CCE6FDE2-E1EF-30F6-FD42-B510639AF352</targetEntity>
<transferable>true</transferable>
<deleteRule>NO ACTION</deleteRule>
</Relation>
