<?xml version = '1.0' encoding = 'UTF-8'?>
<Relation class="oracle.dbtools.crest.model.design.logical.Relation" name="subject_es_fk" directorySegmentName="seg_0" id="2301374F-3A81-A2DB-E95D-377A1D87C840">
<createdBy>PteFe</createdBy>
<createdTime>2024-09-16 04:33:24 UTC</createdTime>
<ownerDesignName>rcl_logica</ownerDesignName>
<engineerTo>
<item key="6679B3BA-867A-466C-B8E6-23394B3973B4" value="true"/>
</engineerTo>
<sourcePk>5AD8FDF7-DF2C-7AC0-4DF3-7ACEE8BF5710</sourcePk>
<identifying>true</identifying>
<nameOnSource>has</nameOnSource>
<nameOnTarget> </nameOnTarget>
<optionalSource>true</optionalSource>
<optionalTarget>false</optionalTarget>
<sourceCardinality>1</sourceCardinality>
<sourceEntity>AE55CC9A-9DE7-B373-1C7E-4A04E9A000C3</sourceEntity>
<targetCardinalityString>*</targetCardinalityString>
<targetEntity>B97027D5-0687-FE94-9C7F-75C9A156BF39</targetEntity>
<transferable>true</transferable>
<deleteRule>NO ACTION</deleteRule>
</Relation>
