<?xml version = '1.0' encoding = 'UTF-8'?>
<Relation class="oracle.dbtools.crest.model.design.logical.Relation" name="book_copy_fk" directorySegmentName="seg_0" id="33CB4E8B-2009-935F-CFF7-C9BA049329C7">
<createdBy>PteFe</createdBy>
<createdTime>2024-09-16 03:31:59 UTC</createdTime>
<ownerDesignName>rcl_logica</ownerDesignName>
<engineerTo>
<item key="6679B3BA-867A-466C-B8E6-23394B3973B4" value="true"/>
</engineerTo>
<sourcePk>1D8F5FC5-5790-A7A9-0A84-CEB51F594E32</sourcePk>
<identifying>false</identifying>
<nameOnSource>has</nameOnSource>
<nameOnTarget> </nameOnTarget>
<optionalSource>false</optionalSource>
<optionalTarget>false</optionalTarget>
<sourceCardinality>1</sourceCardinality>
<sourceEntity>751A6CF8-3A37-F847-B638-32FB7287A1CB</sourceEntity>
<targetCardinalityString>*</targetCardinalityString>
<targetEntity>106ADDF0-4AB9-7895-7717-05CA460E43BF</targetEntity>
<transferable>true</transferable>
<deleteRule>NO ACTION</deleteRule>
</Relation>
