<?xml version = '1.0' encoding = 'UTF-8'?>
<Relation class="oracle.dbtools.crest.model.design.logical.Relation" name="entry_authorship" directorySegmentName="seg_0" id="3F245E7B-5382-F292-70A9-1B261E1C1F56">
<createdBy>PteFe</createdBy>
<createdTime>2024-09-16 03:47:04 UTC</createdTime>
<ownerDesignName>rcl_logica</ownerDesignName>
<engineerTo>
<item key="6679B3BA-867A-466C-B8E6-23394B3973B4" value="true"/>
</engineerTo>
<sourcePk>1E324D27-E27B-0FCC-69D7-883241804144</sourcePk>
<identifying>true</identifying>
<nameOnSource>written_by</nameOnSource>
<nameOnTarget> </nameOnTarget>
<optionalSource>false</optionalSource>
<optionalTarget>false</optionalTarget>
<sourceCardinality>1</sourceCardinality>
<sourceEntity>7D4409A5-498F-F726-09EB-2639972789BF</sourceEntity>
<targetCardinalityString>*</targetCardinalityString>
<targetEntity>CA650F3F-118F-03B6-F798-300BF9711F07</targetEntity>
<transferable>true</transferable>
<deleteRule>NO ACTION</deleteRule>
</Relation>
