<?xml version = '1.0' encoding = 'UTF-8'?>
<Relation class="oracle.dbtools.crest.model.design.logical.Relation" name="borrower_reservation_fk" directorySegmentName="seg_0" id="5A98B29C-0B28-4D5B-F850-7C56C8E46B45">
<createdBy>PteFe</createdBy>
<createdTime>2024-09-16 07:21:03 UTC</createdTime>
<ownerDesignName>rcl_logica</ownerDesignName>
<engineerTo>
<item key="6679B3BA-867A-466C-B8E6-23394B3973B4" value="true"/>
</engineerTo>
<sourcePk>7167D2C0-109A-C58C-1914-73B791EE4AC4</sourcePk>
<identifying>true</identifying>
<nameOnSource>reserves</nameOnSource>
<nameOnTarget> </nameOnTarget>
<optionalSource>true</optionalSource>
<optionalTarget>false</optionalTarget>
<sourceCardinality>1</sourceCardinality>
<sourceEntity>C079DC54-CC8E-3164-AF18-AC450E4B64A8</sourceEntity>
<targetCardinalityString>*</targetCardinalityString>
<targetEntity>4545FD9F-21FC-F7EF-D9B8-64B08D1F37C1</targetEntity>
<transferable>true</transferable>
<deleteRule>NO ACTION</deleteRule>
</Relation>
