<?xml version = '1.0' encoding = 'UTF-8'?>
<Relation class="oracle.dbtools.crest.model.design.logical.Relation" name="loan_fine_fk" directorySegmentName="seg_0" id="5C1C40E5-8221-4900-8484-AB717C57D789">
<createdBy>PteFe</createdBy>
<createdTime>2024-09-16 04:51:52 UTC</createdTime>
<ownerDesignName>rcl_logica</ownerDesignName>
<engineerTo>
<item key="6679B3BA-867A-466C-B8E6-23394B3973B4" value="true"/>
</engineerTo>
<sourcePk>E29313E9-1646-7097-E05A-1D2D64AADD9D</sourcePk>
<identifying>false</identifying>
<nameOnSource>has</nameOnSource>
<nameOnTarget> </nameOnTarget>
<optionalSource>true</optionalSource>
<optionalTarget>false</optionalTarget>
<sourceCardinality>1</sourceCardinality>
<sourceEntity>CCE6FDE2-E1EF-30F6-FD42-B510639AF352</sourceEntity>
<targetCardinalityString>1</targetCardinalityString>
<targetEntity>0144FDD5-E41F-981A-70FD-2D2818DEAF50</targetEntity>
<transferable>true</transferable>
<deleteRule>NO ACTION</deleteRule>
</Relation>
