<?xml version = '1.0' encoding = 'UTF-8'?>
<Relation class="oracle.dbtools.crest.model.design.logical.Relation" name="branch_lga_fk" directorySegmentName="seg_0" id="5DB39FD2-0088-32E0-1E0D-B12B80503E2C">
<createdBy>PteFe</createdBy>
<createdTime>2024-09-16 03:31:59 UTC</createdTime>
<ownerDesignName>rcl_logica</ownerDesignName>
<engineerTo>
<item key="6679B3BA-867A-466C-B8E6-23394B3973B4" value="true"/>
</engineerTo>
<sourcePk>27AC3ACC-4D6C-BFB5-AC8C-A2647BC707BA</sourcePk>
<identifying>false</identifying>
<nameOnSource>includes</nameOnSource>
<nameOnTarget> </nameOnTarget>
<optionalSource>false</optionalSource>
<optionalTarget>false</optionalTarget>
<sourceCardinality>1</sourceCardinality>
<sourceEntity>50EBA08B-5E27-9904-F9E0-658C0F487DF4</sourceEntity>
<targetCardinalityString>*</targetCardinalityString>
<targetEntity>84159E83-C63C-2557-D1D5-C39A42FF5432</targetEntity>
<transferable>true</transferable>
<deleteRule>NO ACTION</deleteRule>
</Relation>
