<?xml version = '1.0' encoding = 'UTF-8'?>
<Relation class="oracle.dbtools.crest.model.design.logical.Relation" name="manager_branch_fk" directorySegmentName="seg_0" id="67814D91-EC81-4316-21D6-CD9C0BFAD6C9">
<createdBy>PteFe</createdBy>
<createdTime>2024-09-16 03:31:59 UTC</createdTime>
<ownerDesignName>rcl_logica</ownerDesignName>
<engineerTo>
<item key="6679B3BA-867A-466C-B8E6-23394B3973B4" value="true"/>
</engineerTo>
<sourcePk>3908C6DC-4785-2D4E-DDA2-60F305C44766</sourcePk>
<identifying>false</identifying>
<nameOnSource>manages</nameOnSource>
<nameOnTarget> </nameOnTarget>
<optionalSource>false</optionalSource>
<optionalTarget>false</optionalTarget>
<sourceCardinality>1</sourceCardinality>
<sourceEntity>AF29F63A-C594-BCD8-CDDA-BE9173A2F035</sourceEntity>
<targetCardinalityString>*</targetCardinalityString>
<targetEntity>84159E83-C63C-2557-D1D5-C39A42FF5432</targetEntity>
<transferable>true</transferable>
<deleteRule>NO ACTION</deleteRule>
</Relation>
