<?xml version = '1.0' encoding = 'UTF-8'?>
<Relation class="oracle.dbtools.crest.model.design.logical.Relation" name="borrower_branch_fk  " directorySegmentName="seg_0" id="70008536-D74B-3C32-FDCF-2DFF6400DBE7">
<createdBy>PteFe</createdBy>
<createdTime>2024-09-16 03:31:59 UTC</createdTime>
<ownerDesignName>rcl_logica</ownerDesignName>
<engineerTo>
<item key="6679B3BA-867A-466C-B8E6-23394B3973B4" value="true"/>
</engineerTo>
<sourcePk>5367E7CF-DAFF-9F9C-9B62-2864B6C2C2E5</sourcePk>
<identifying>false</identifying>
<nameOnSource>is_home  </nameOnSource>
<nameOnTarget> </nameOnTarget>
<optionalSource>true</optionalSource>
<optionalTarget>false</optionalTarget>
<sourceCardinality>1</sourceCardinality>
<sourceEntity>84159E83-C63C-2557-D1D5-C39A42FF5432</sourceEntity>
<targetCardinalityString>*</targetCardinalityString>
<targetEntity>C079DC54-CC8E-3164-AF18-AC450E4B64A8</targetEntity>
<transferable>true</transferable>
<deleteRule>NO ACTION</deleteRule>
</Relation>
