<?xml version = '1.0' encoding = 'UTF-8'?>
<Relation class="oracle.dbtools.crest.model.design.logical.Relation" name="entry_es_fk" directorySegmentName="seg_0" id="80E97201-5ABE-41E4-5F67-97C422B8CD32">
<createdBy>PteFe</createdBy>
<createdTime>2024-09-16 04:31:45 UTC</createdTime>
<ownerDesignName>rcl_logica</ownerDesignName>
<engineerTo>
<item key="6679B3BA-867A-466C-B8E6-23394B3973B4" value="true"/>
</engineerTo>
<sourcePk>1E324D27-E27B-0FCC-69D7-883241804144</sourcePk>
<identifying>true</identifying>
<nameOnSource>has</nameOnSource>
<nameOnTarget> </nameOnTarget>
<optionalSource>false</optionalSource>
<optionalTarget>false</optionalTarget>
<sourceCardinality>1</sourceCardinality>
<sourceEntity>7D4409A5-498F-F726-09EB-2639972789BF</sourceEntity>
<targetCardinalityString>*</targetCardinalityString>
<targetEntity>B97027D5-0687-FE94-9C7F-75C9A156BF39</targetEntity>
<transferable>true</transferable>
<deleteRule>NO ACTION</deleteRule>
</Relation>
