<?xml version = '1.0' encoding = 'UTF-8'?>
<Relation class="oracle.dbtools.crest.model.design.logical.Relation" name="class_borrower_fk" directorySegmentName="seg_0" id="B7B87C85-4816-12F6-1FD2-808163541319">
<createdBy>PteFe</createdBy>
<createdTime>2024-09-16 05:37:57 UTC</createdTime>
<ownerDesignName>rcl_logica</ownerDesignName>
<engineerTo>
<item key="6679B3BA-867A-466C-B8E6-23394B3973B4" value="true"/>
</engineerTo>
<sourcePk>0658B584-9E2A-B85E-DB65-2A09EDC421C9</sourcePk>
<identifying>false</identifying>
<nameOnSource>includes</nameOnSource>
<nameOnTarget> </nameOnTarget>
<optionalSource>true</optionalSource>
<optionalTarget>false</optionalTarget>
<sourceCardinality>1</sourceCardinality>
<sourceEntity>E271EFF5-23C4-F867-1F25-262D1DDC5E65</sourceEntity>
<targetCardinalityString>*</targetCardinalityString>
<targetEntity>C079DC54-CC8E-3164-AF18-AC450E4B64A8</targetEntity>
<transferable>true</transferable>
<deleteRule>NO ACTION</deleteRule>
</Relation>
