<?xml version = '1.0' encoding = 'UTF-8'?>
<Relation class="oracle.dbtools.crest.model.design.logical.Relation" name="bt_book_fk" directorySegmentName="seg_0" id="BEFA4954-D94F-44BF-7769-81761AA6FB92">
<createdBy>PteFe</createdBy>
<createdTime>2024-09-16 03:31:59 UTC</createdTime>
<ownerDesignName>rcl_logica</ownerDesignName>
<engineerTo>
<item key="6679B3BA-867A-466C-B8E6-23394B3973B4" value="true"/>
</engineerTo>
<sourcePk>45CC6692-99AB-1747-1235-98A3DC3A4692</sourcePk>
<identifying>false</identifying>
<nameOnSource>type_of</nameOnSource>
<nameOnTarget> </nameOnTarget>
<optionalSource>true</optionalSource>
<optionalTarget>false</optionalTarget>
<sourceCardinality>1</sourceCardinality>
<sourceEntity>52C4470B-647C-E1C5-CD17-39827341EC32</sourceEntity>
<targetCardinalityString>*</targetCardinalityString>
<targetEntity>751A6CF8-3A37-F847-B638-32FB7287A1CB</targetEntity>
<transferable>true</transferable>
<deleteRule>NO ACTION</deleteRule>
</Relation>
