<?xml version = '1.0' encoding = 'UTF-8'?>
<Relation class="oracle.dbtools.crest.model.design.logical.Relation" name="copy_reservation" directorySegmentName="seg_0" id="CA9A1186-7D8E-7FED-C8A9-B4A3B676A58D">
<createdBy>PteFe</createdBy>
<createdTime>2024-09-16 07:23:02 UTC</createdTime>
<ownerDesignName>rcl_logica</ownerDesignName>
<engineerTo>
<item key="6679B3BA-867A-466C-B8E6-23394B3973B4" value="true"/>
</engineerTo>
<sourcePk>2A92F45A-0F3F-DDA1-48A6-AAEC806CC5F9</sourcePk>
<identifying>false</identifying>
<nameOnSource>is_reserved</nameOnSource>
<nameOnTarget> </nameOnTarget>
<optionalSource>true</optionalSource>
<optionalTarget>false</optionalTarget>
<sourceCardinality>1</sourceCardinality>
<sourceEntity>106ADDF0-4AB9-7895-7717-05CA460E43BF</sourceEntity>
<targetCardinalityString>*</targetCardinalityString>
<targetEntity>4545FD9F-21FC-F7EF-D9B8-64B08D1F37C1</targetEntity>
<transferable>true</transferable>
<deleteRule>NO ACTION</deleteRule>
</Relation>
