<?xml version = '1.0' encoding = 'UTF-8'?>
<Relation class="oracle.dbtools.crest.model.design.logical.Relation" name="branch_manager_fk" directorySegmentName="seg_0" id="DCEC5DC9-D3FA-0264-8DE2-1F2BEE35BC41">
<createdBy>PteFe</createdBy>
<createdTime>2024-09-16 03:31:59 UTC</createdTime>
<ownerDesignName>rcl_logica</ownerDesignName>
<engineerTo>
<item key="6679B3BA-867A-466C-B8E6-23394B3973B4" value="true"/>
</engineerTo>
<sourcePk>5367E7CF-DAFF-9F9C-9B62-2864B6C2C2E5</sourcePk>
<identifying>false</identifying>
<nameOnSource>is_home</nameOnSource>
<nameOnTarget>  </nameOnTarget>
<optionalSource>true</optionalSource>
<optionalTarget>false</optionalTarget>
<sourceCardinality>1</sourceCardinality>
<sourceEntity>84159E83-C63C-2557-D1D5-C39A42FF5432</sourceEntity>
<targetCardinalityString>1</targetCardinalityString>
<targetEntity>AF29F63A-C594-BCD8-CDDA-BE9173A2F035</targetEntity>
<transferable>true</transferable>
<deleteRule>NO ACTION</deleteRule>
</Relation>
