<?xml version = '1.0' encoding = 'UTF-8'?>
<Relation class="oracle.dbtools.crest.model.design.logical.Relation" name="copy_loan_fk" directorySegmentName="seg_0" id="F1FB6661-D749-C9E2-9550-69419AB65B12">
<createdBy>PteFe</createdBy>
<createdTime>2024-09-16 03:31:59 UTC</createdTime>
<ownerDesignName>rcl_logica</ownerDesignName>
<engineerTo>
<item key="6679B3BA-867A-466C-B8E6-23394B3973B4" value="true"/>
</engineerTo>
<sourcePk>2A92F45A-0F3F-DDA1-48A6-AAEC806CC5F9</sourcePk>
<identifying>false</identifying>
<nameOnSource>taken_in</nameOnSource>
<nameOnTarget> </nameOnTarget>
<optionalSource>true</optionalSource>
<optionalTarget>false</optionalTarget>
<sourceCardinality>1</sourceCardinality>
<sourceEntity>106ADDF0-4AB9-7895-7717-05CA460E43BF</sourceEntity>
<targetCardinalityString>*</targetCardinalityString>
<targetEntity>CCE6FDE2-E1EF-30F6-FD42-B510639AF352</targetEntity>
<transferable>true</transferable>
<deleteRule>NO ACTION</deleteRule>
</Relation>
