<?xml version = '1.0' encoding = 'UTF-8'?>
<Relation class="oracle.dbtools.crest.model.design.logical.Relation" name="publisher_entry_fk" directorySegmentName="seg_0" id="F864CB00-4B48-EC02-CBFE-E6C89652AF26">
<createdBy>PteFe</createdBy>
<createdTime>2024-09-16 03:31:59 UTC</createdTime>
<ownerDesignName>rcl_logica</ownerDesignName>
<engineerTo>
<item key="6679B3BA-867A-466C-B8E6-23394B3973B4" value="true"/>
</engineerTo>
<sourcePk>3212E466-812A-2C8C-7040-77CC33A173E0</sourcePk>
<identifying>false</identifying>
<nameOnSource>publishes</nameOnSource>
<nameOnTarget> </nameOnTarget>
<optionalSource>false</optionalSource>
<optionalTarget>false</optionalTarget>
<sourceCardinality>1</sourceCardinality>
<sourceEntity>24FE60B7-34CE-37C3-9DF0-23DD2761B6E8</sourceEntity>
<targetCardinalityString>*</targetCardinalityString>
<targetEntity>7D4409A5-498F-F726-09EB-2639972789BF</targetEntity>
<transferable>true</transferable>
<deleteRule>NO ACTION</deleteRule>
</Relation>
