<?xml version = '1.0' encoding = 'UTF-8'?>
<Relation class="oracle.dbtools.crest.model.design.logical.Relation" name="branch_copy_fk" directorySegmentName="seg_0" id="FAF2D64C-5825-EF5A-C409-08614AAB34F4">
<createdBy>PteFe</createdBy>
<createdTime>2024-09-16 03:31:59 UTC</createdTime>
<ownerDesignName>rcl_logica</ownerDesignName>
<engineerTo>
<item key="6679B3BA-867A-466C-B8E6-23394B3973B4" value="true"/>
</engineerTo>
<sourcePk>5367E7CF-DAFF-9F9C-9B62-2864B6C2C2E5</sourcePk>
<identifying>true</identifying>
<nameOnSource>holds</nameOnSource>
<nameOnTarget> </nameOnTarget>
<optionalSource>false</optionalSource>
<optionalTarget>false</optionalTarget>
<sourceCardinality>1</sourceCardinality>
<sourceEntity>84159E83-C63C-2557-D1D5-C39A42FF5432</sourceEntity>
<targetCardinalityString>*</targetCardinalityString>
<targetEntity>106ADDF0-4AB9-7895-7717-05CA460E43BF</targetEntity>
<transferable>true</transferable>
<deleteRule>NO ACTION</deleteRule>
</Relation>
