<?xml version = '1.0' encoding = 'UTF-8'?>
<Entity class="oracle.dbtools.crest.model.design.logical.Entity" directorySegmentName="seg_0" id="0144FDD5-E41F-981A-70FD-2D2818DEAF50" name="FINE">
<createdBy>PteFe</createdBy>
<createdTime>2024-09-16 04:47:43 UTC</createdTime>
<ownerDesignName>rcl_logica</ownerDesignName>
<engineerTo>
<item key="6679B3BA-867A-466C-B8E6-23394B3973B4" value="true"/>
</engineerTo>
<adequatelyNormalized>NO</adequatelyNormalized>
<expectedVolumes>0</expectedVolumes>
<fwdEngineeringStrategyName>Single Table</fwdEngineeringStrategyName>
<growthPercent>0</growthPercent>
<growthType>Year</growthType>
<maxVolumes>9999999</maxVolumes>
<minVolumes>0</minVolumes>
<normalForm>Third</normalForm>
<attributes itemClass="oracle.dbtools.crest.model.design.logical.Attribute">
<Attribute name="fine_id" id="4CA3A373-1A62-8C23-EC5A-2A4779F183F7">
<createdBy>PteFe</createdBy>
<createdTime>2024-09-16 06:42:00 UTC</createdTime>
<commentInRDBMS><![CDATA[The fine_id stores the unique identifier for a fine as a numeric value with a precision of 8 digits, serving as the primary key.]]></commentInRDBMS>
<ownerDesignName>rcl_logica</ownerDesignName>
<engineerTo>
<item key="6679B3BA-867A-466C-B8E6-23394B3973B4" value="true"/>
</engineerTo>
<useDomainConstraints>false</useDomainConstraints>
<use>1</use>
<logicalDatatype>LOGDT019</logicalDatatype>
<dataTypePrecision>8</dataTypePrecision>
<ownDataTypeParameters>,8,</ownDataTypeParameters>
</Attribute>
<Attribute name="fine_amount" id="8EF4A30D-CB4D-6797-A851-AF328BCB460E">
<createdBy>PteFe</createdBy>
<createdTime>2024-09-16 04:48:34 UTC</createdTime>
<commentInRDBMS><![CDATA[The fine_amount stores a mandatory numeric value representing a fine, with a precision of 5 digits and 2 decimal places.]]></commentInRDBMS>
<ownerDesignName>rcl_logica</ownerDesignName>
<engineerTo>
<item key="6679B3BA-867A-466C-B8E6-23394B3973B4" value="true"/>
</engineerTo>
<useDomainConstraints>false</useDomainConstraints>
<use>1</use>
<logicalDatatype>LOGDT019</logicalDatatype>
<dataTypePrecision>5</dataTypePrecision>
<dataTypeScale>2</dataTypeScale>
<ownDataTypeParameters>,5,2</ownDataTypeParameters>
</Attribute>
<Attribute name="fine_paydata" id="0E4C4D31-216D-50CC-1108-69FA1B661F25">
<createdBy>PteFe</createdBy>
<createdTime>2024-09-16 04:48:34 UTC</createdTime>
<ownerDesignName>rcl_logica</ownerDesignName>
<engineerTo>
<item key="6679B3BA-867A-466C-B8E6-23394B3973B4" value="true"/>
</engineerTo>
<nullsAllowed>true</nullsAllowed>
<useDomainConstraints>false</useDomainConstraints>
<use>1</use>
<logicalDatatype>LOGDT007</logicalDatatype>
<ownDataTypeParameters>,,</ownDataTypeParameters>
</Attribute>
<Attribute name="loan_id" id="FF5F7A81-B6D3-7B52-5F9D-9305A210632C">
<createdBy>PteFe</createdBy>
<createdTime>2024-09-16 06:30:04 UTC</createdTime>
<generatorID>5C1C40E5-8221-4900-8484-AB717C57D789</generatorID>
<ownerDesignName>rcl_logica</ownerDesignName>
<engineerTo>
<item key="6679B3BA-867A-466C-B8E6-23394B3973B4" value="true"/>
</engineerTo>
<referedAttribute>1D80C7B3-C7F9-5DA6-30AE-14FC1783CD5F</referedAttribute>
<useDomainConstraints>false</useDomainConstraints>
<use>1</use>
<logicalDatatype>LOGDT019</logicalDatatype>
<dataTypePrecision>10</dataTypePrecision>
<ownDataTypeParameters>,,</ownDataTypeParameters>
</Attribute>
</attributes>
<identifiers itemClass="oracle.dbtools.crest.model.design.logical.CandidateKey">
<identifier id="C3BE2399-7478-85E4-21F5-321FD1AEE528" name="FINE PK">
<createdBy>PteFe</createdBy>
<createdTime>2024-09-16 04:52:55 UTC</createdTime>
<ownerDesignName>rcl_logica</ownerDesignName>
<engineerTo>
<item key="6679B3BA-867A-466C-B8E6-23394B3973B4" value="true"/>
</engineerTo>
<pk>true</pk>
<usedAttributes>
<attributeRef>4CA3A373-1A62-8C23-EC5A-2A4779F183F7</attributeRef>
</usedAttributes>
</identifier>
<identifier id="741333BB-DB6C-A1F4-5963-3DD4E7FF3B0A" name="FINE_NK">
<createdBy>PteFe</createdBy>
<createdTime>2024-09-16 06:44:52 UTC</createdTime>
<ownerDesignName>rcl_logica</ownerDesignName>
<engineerTo>
<item key="6679B3BA-867A-466C-B8E6-23394B3973B4" value="true"/>
</engineerTo>
<newElementsIDs>FF5F7A81-B6D3-7B52-5F9D-9305A210632C</newElementsIDs>
<usedAttributes>
<attributeRef>FF5F7A81-B6D3-7B52-5F9D-9305A210632C</attributeRef>
</usedAttributes>
</identifier>
</identifiers>
</Entity>
