<?xml version = '1.0' encoding = 'UTF-8'?>
<Entity class="oracle.dbtools.crest.model.design.logical.Entity" directorySegmentName="seg_0" id="106ADDF0-4AB9-7895-7717-05CA460E43BF" name="COPY">
<createdBy>PteFe</createdBy>
<createdTime>2024-09-16 03:31:59 UTC</createdTime>
<ownerDesignName>rcl_logica</ownerDesignName>
<engineerTo>
<item key="6679B3BA-867A-466C-B8E6-23394B3973B4" value="true"/>
</engineerTo>
<adequatelyNormalized>NO</adequatelyNormalized>
<expectedVolumes>0</expectedVolumes>
<fwdEngineeringStrategyName>Single Table</fwdEngineeringStrategyName>
<growthPercent>0</growthPercent>
<growthType>Year</growthType>
<maxVolumes>9999999</maxVolumes>
<minVolumes>0</minVolumes>
<normalForm>Third</normalForm>
<attributes itemClass="oracle.dbtools.crest.model.design.logical.Attribute">
<Attribute name="branch_code  " id="2D6BFCC7-EF55-6393-1A8F-806D4C82863C">
<createdBy>PteFe</createdBy>
<createdTime>2024-09-16 03:31:59 UTC</createdTime>
<commentInRDBMS><![CDATA[BRANCH code]]></commentInRDBMS>
<generatorID>FAF2D64C-5825-EF5A-C409-08614AAB34F4</generatorID>
<ownerDesignName>rcl_logica</ownerDesignName>
<importedID>C140C689-FDF6-155F-DC8C-9AE4EDC2CC15</importedID>
<engineerTo>
<item key="6679B3BA-867A-466C-B8E6-23394B3973B4" value="true"/>
</engineerTo>
<referedAttribute>E3D9CFAF-E96B-D7F8-B2F3-7696673150B0</referedAttribute>
<useDomainConstraints>false</useDomainConstraints>
<use>1</use>
<logicalDatatype>LOGDT019</logicalDatatype>
<dataTypePrecision>3</dataTypePrecision>
<ownDataTypeParameters>,,</ownDataTypeParameters>
</Attribute>
<Attribute name="copy_id" id="C7F3A85A-4580-B1CC-285D-060961131580">
<createdBy>PteFe</createdBy>
<createdTime>2024-09-16 03:31:59 UTC</createdTime>
<commentInRDBMS><![CDATA[Unique identifier for a copy of an item]]></commentInRDBMS>
<ownerDesignName>rcl_logica</ownerDesignName>
<importedID>A828E150-A493-ABE1-9554-56CC472047B0</importedID>
<engineerTo>
<item key="6679B3BA-867A-466C-B8E6-23394B3973B4" value="true"/>
</engineerTo>
<useDomainConstraints>false</useDomainConstraints>
<use>1</use>
<logicalDatatype>LOGDT019</logicalDatatype>
<dataTypePrecision>5</dataTypePrecision>
<ownDataTypeParameters>,5,</ownDataTypeParameters>
</Attribute>
<Attribute name="copy_price" id="865844A7-19EB-7FE5-882E-045E54702E38">
<createdBy>PteFe</createdBy>
<createdTime>2024-09-16 03:31:59 UTC</createdTime>
<commentInRDBMS><![CDATA[Price of the copy]]></commentInRDBMS>
<ownerDesignName>rcl_logica</ownerDesignName>
<importedID>FFCDC0C4-58A5-13E9-2C49-61EFD54D4421</importedID>
<engineerTo>
<item key="6679B3BA-867A-466C-B8E6-23394B3973B4" value="true"/>
</engineerTo>
<useDomainConstraints>false</useDomainConstraints>
<use>1</use>
<logicalDatatype>LOGDT019</logicalDatatype>
<dataTypePrecision>6</dataTypePrecision>
<dataTypeScale>2</dataTypeScale>
<ownDataTypeParameters>,6,2</ownDataTypeParameters>
</Attribute>
<Attribute name="copy_status" id="D4B2FCE5-1BF9-E458-CFD8-37D4D3F4ABE2">
<createdBy>PteFe</createdBy>
<createdTime>2024-09-16 03:31:59 UTC</createdTime>
<commentInRDBMS><![CDATA[Indicates if a copy is reserved]]></commentInRDBMS>
<ownerDesignName>rcl_logica</ownerDesignName>
<importedID>82652FA5-159F-49FA-1ED4-BCD813011EDF</importedID>
<engineerTo>
<item key="6679B3BA-867A-466C-B8E6-23394B3973B4" value="true"/>
</engineerTo>
<useDomainConstraints>false</useDomainConstraints>
<use>1</use>
<logicalDatatype>LOGDT025</logicalDatatype>
<dataTypeSize>1</dataTypeSize>
<listOfValues>
<valueDef value="A" description="Available"/>
<valueDef value="D" description="Damaged"/>
<valueDef value="L" description="Lost"/>
<valueDef value="O" description="On loan"/>
<valueDef value="R" description="On reserve"/>
<valueDef value="S" description="Stolen"/>
</listOfValues>
<ownDataTypeParameters>1,,</ownDataTypeParameters>
</Attribute>
<Attribute name="book_ISBN" id="BFE7F9F5-BF35-C8F3-10BE-3D3F7FE1D9C9">
<createdBy>PteFe</createdBy>
<createdTime>2024-09-16 03:31:59 UTC</createdTime>
<commentInRDBMS><![CDATA[ Unique ISBN number for the book]]></commentInRDBMS>
<generatorID>33CB4E8B-2009-935F-CFF7-C9BA049329C7</generatorID>
<ownerDesignName>rcl_logica</ownerDesignName>
<importedID>C5590D4F-FA90-7A9F-A5B5-4BD66447A0DE</importedID>
<engineerTo>
<item key="6679B3BA-867A-466C-B8E6-23394B3973B4" value="true"/>
</engineerTo>
<referedAttribute>6B1EE703-50AD-74B8-3C03-0B7A5A3031B8</referedAttribute>
<useDomainConstraints>false</useDomainConstraints>
<use>1</use>
<logicalDatatype>LOGDT025</logicalDatatype>
<dataTypeSize>1</dataTypeSize>
<ownDataTypeParameters>,,</ownDataTypeParameters>
</Attribute>
</attributes>
<identifiers itemClass="oracle.dbtools.crest.model.design.logical.CandidateKey">
<identifier id="2A92F45A-0F3F-DDA1-48A6-AAEC806CC5F9" name="COPY PK">
<createdBy>PteFe</createdBy>
<createdTime>2024-09-16 03:31:59 UTC</createdTime>
<ownerDesignName>rcl_logica</ownerDesignName>
<engineerTo>
<item key="6679B3BA-867A-466C-B8E6-23394B3973B4" value="true"/>
</engineerTo>
<pk>true</pk>
<usedAttributes>
<attributeRef>C7F3A85A-4580-B1CC-285D-060961131580</attributeRef>
<attributeRef>2D6BFCC7-EF55-6393-1A8F-806D4C82863C</attributeRef>
</usedAttributes>
</identifier>
</identifiers>
</Entity>
