<?xml version = '1.0' encoding = 'UTF-8'?>
<Entity class="oracle.dbtools.crest.model.design.logical.Entity" directorySegmentName="seg_0" id="4545FD9F-21FC-F7EF-D9B8-64B08D1F37C1" name="RESERVATIOH">
<createdBy>PteFe</createdBy>
<createdTime>2024-09-16 07:18:53 UTC</createdTime>
<ownerDesignName>rcl_logica</ownerDesignName>
<engineerTo>
<item key="6679B3BA-867A-466C-B8E6-23394B3973B4" value="true"/>
</engineerTo>
<adequatelyNormalized>NO</adequatelyNormalized>
<expectedVolumes>0</expectedVolumes>
<fwdEngineeringStrategyName>Single Table</fwdEngineeringStrategyName>
<growthPercent>0</growthPercent>
<growthType>Year</growthType>
<maxVolumes>9999999</maxVolumes>
<minVolumes>0</minVolumes>
<normalForm>Third</normalForm>
<attributes itemClass="oracle.dbtools.crest.model.design.logical.Attribute">
<Attribute name="reservation_datetime" id="2AED047E-5F61-AA1F-5B03-F96D196E50CA">
<createdBy>PteFe</createdBy>
<createdTime>2024-09-16 07:19:38 UTC</createdTime>
<commentInRDBMS><![CDATA[The reservation_datetime stores the unique date and time of a reservation and serves as the primary key.]]></commentInRDBMS>
<ownerDesignName>rcl_logica</ownerDesignName>
<engineerTo>
<item key="6679B3BA-867A-466C-B8E6-23394B3973B4" value="true"/>
</engineerTo>
<useDomainConstraints>false</useDomainConstraints>
<use>1</use>
<logicalDatatype>LOGDT007</logicalDatatype>
<ownDataTypeParameters>,,</ownDataTypeParameters>
</Attribute>
<Attribute name="borrower_no" id="D29169C1-0A44-0B3D-FE51-989B49FF47FC">
<createdBy>PteFe</createdBy>
<createdTime>2024-09-16 07:21:03 UTC</createdTime>
<commentInRDBMS><![CDATA[Borrower identification number]]></commentInRDBMS>
<generatorID>5A98B29C-0B28-4D5B-F850-7C56C8E46B45</generatorID>
<ownerDesignName>rcl_logica</ownerDesignName>
<engineerTo>
<item key="6679B3BA-867A-466C-B8E6-23394B3973B4" value="true"/>
</engineerTo>
<referedAttribute>0A676BD2-1126-E7CE-678E-F086C50118D9</referedAttribute>
<useDomainConstraints>false</useDomainConstraints>
<use>1</use>
<logicalDatatype>LOGDT019</logicalDatatype>
<dataTypePrecision>5</dataTypePrecision>
<ownDataTypeParameters>,,</ownDataTypeParameters>
</Attribute>
<Attribute name="copy_id" id="36BE32FB-4DEB-691A-EBDF-005EAC5D3908">
<createdBy>PteFe</createdBy>
<createdTime>2024-09-16 07:23:02 UTC</createdTime>
<commentInRDBMS><![CDATA[Unique identifier for a copy of an item]]></commentInRDBMS>
<generatorID>CA9A1186-7D8E-7FED-C8A9-B4A3B676A58D</generatorID>
<ownerDesignName>rcl_logica</ownerDesignName>
<engineerTo>
<item key="6679B3BA-867A-466C-B8E6-23394B3973B4" value="true"/>
</engineerTo>
<referedAttribute>C7F3A85A-4580-B1CC-285D-060961131580</referedAttribute>
<useDomainConstraints>false</useDomainConstraints>
<use>1</use>
<logicalDatatype>LOGDT019</logicalDatatype>
<dataTypePrecision>5</dataTypePrecision>
<ownDataTypeParameters>,,</ownDataTypeParameters>
</Attribute>
<Attribute name="branch_code  " id="EEEF3029-D74B-09E9-43A6-5E46EF0AAB26">
<createdBy>PteFe</createdBy>
<createdTime>2024-09-16 07:23:02 UTC</createdTime>
<commentInRDBMS><![CDATA[BRANCH code]]></commentInRDBMS>
<generatorID>CA9A1186-7D8E-7FED-C8A9-B4A3B676A58D</generatorID>
<ownerDesignName>rcl_logica</ownerDesignName>
<engineerTo>
<item key="6679B3BA-867A-466C-B8E6-23394B3973B4" value="true"/>
</engineerTo>
<referedAttribute>2D6BFCC7-EF55-6393-1A8F-806D4C82863C</referedAttribute>
<useDomainConstraints>false</useDomainConstraints>
<use>1</use>
<logicalDatatype>LOGDT019</logicalDatatype>
<dataTypePrecision>3</dataTypePrecision>
<ownDataTypeParameters>,,</ownDataTypeParameters>
</Attribute>
</attributes>
<identifiers itemClass="oracle.dbtools.crest.model.design.logical.CandidateKey">
<identifier id="358206A5-90D6-29B9-9797-9E1DDF7AEA69" name="RESERVATIOH PK">
<createdBy>PteFe</createdBy>
<createdTime>2024-09-16 07:20:32 UTC</createdTime>
<ownerDesignName>rcl_logica</ownerDesignName>
<engineerTo>
<item key="6679B3BA-867A-466C-B8E6-23394B3973B4" value="true"/>
</engineerTo>
<pk>true</pk>
<usedAttributes>
<attributeRef>2AED047E-5F61-AA1F-5B03-F96D196E50CA</attributeRef>
<attributeRef>D29169C1-0A44-0B3D-FE51-989B49FF47FC</attributeRef>
</usedAttributes>
</identifier>
</identifiers>
</Entity>
