<?xml version = '1.0' encoding = 'UTF-8'?>
<Entity class="oracle.dbtools.crest.model.design.logical.Entity" directorySegmentName="seg_0" id="52C4470B-647C-E1C5-CD17-39827341EC32" name="BOOK_TYPE">
<createdBy>PteFe</createdBy>
<createdTime>2024-09-16 03:31:59 UTC</createdTime>
<ownerDesignName>rcl_logica</ownerDesignName>
<engineerTo>
<item key="6679B3BA-867A-466C-B8E6-23394B3973B4" value="true"/>
</engineerTo>
<adequatelyNormalized>NO</adequatelyNormalized>
<expectedVolumes>0</expectedVolumes>
<fwdEngineeringStrategyName>Single Table</fwdEngineeringStrategyName>
<growthPercent>0</growthPercent>
<growthType>Year</growthType>
<maxVolumes>9999999</maxVolumes>
<minVolumes>0</minVolumes>
<normalForm>Third</normalForm>
<attributes itemClass="oracle.dbtools.crest.model.design.logical.Attribute">
<Attribute name="type_id" id="0869EC26-451B-64C2-3981-ED72639E9C6C">
<createdBy>PteFe</createdBy>
<createdTime>2024-09-16 03:31:59 UTC</createdTime>
<commentInRDBMS><![CDATA[Unique identifier for the type]]></commentInRDBMS>
<ownerDesignName>rcl_logica</ownerDesignName>
<importedID>BE8DA114-5C66-0BAF-7E71-8FD16AF32040</importedID>
<engineerTo>
<item key="6679B3BA-867A-466C-B8E6-23394B3973B4" value="true"/>
</engineerTo>
<useDomainConstraints>false</useDomainConstraints>
<use>1</use>
<logicalDatatype>LOGDT019</logicalDatatype>
<dataTypePrecision>2</dataTypePrecision>
<ownDataTypeParameters>,2,</ownDataTypeParameters>
</Attribute>
<Attribute name="type_name" id="3476021A-4329-5ED0-ED98-BA2904A4527E">
<createdBy>PteFe</createdBy>
<createdTime>2024-09-16 03:31:59 UTC</createdTime>
<commentInRDBMS><![CDATA[name for the type]]></commentInRDBMS>
<ownerDesignName>rcl_logica</ownerDesignName>
<importedID>7738B5E3-EDF1-9132-FA0F-09FFC76FA2D0</importedID>
<engineerTo>
<item key="6679B3BA-867A-466C-B8E6-23394B3973B4" value="true"/>
</engineerTo>
<useDomainConstraints>false</useDomainConstraints>
<use>1</use>
<logicalDatatype>LOGDT024</logicalDatatype>
<dataTypeSize>20</dataTypeSize>
<ownDataTypeParameters>20,,</ownDataTypeParameters>
</Attribute>
</attributes>
<identifiers itemClass="oracle.dbtools.crest.model.design.logical.CandidateKey">
<identifier id="45CC6692-99AB-1747-1235-98A3DC3A4692" name="BOOK_TYPE PK">
<createdBy>PteFe</createdBy>
<createdTime>2024-09-16 03:31:59 UTC</createdTime>
<ownerDesignName>rcl_logica</ownerDesignName>
<engineerTo>
<item key="6679B3BA-867A-466C-B8E6-23394B3973B4" value="true"/>
</engineerTo>
<pk>true</pk>
<usedAttributes>
<attributeRef>0869EC26-451B-64C2-3981-ED72639E9C6C</attributeRef>
</usedAttributes>
</identifier>
</identifiers>
</Entity>
