<?xml version = '1.0' encoding = 'UTF-8'?>
<Entity class="oracle.dbtools.crest.model.design.logical.Entity" directorySegmentName="seg_0" id="7D4409A5-498F-F726-09EB-2639972789BF" name="ENTRY">
<createdBy>PteFe</createdBy>
<createdTime>2024-09-16 03:31:59 UTC</createdTime>
<ownerDesignName>rcl_logica</ownerDesignName>
<engineerTo>
<item key="6679B3BA-867A-466C-B8E6-23394B3973B4" value="true"/>
</engineerTo>
<adequatelyNormalized>NO</adequatelyNormalized>
<expectedVolumes>0</expectedVolumes>
<fwdEngineeringStrategyName>Single Table</fwdEngineeringStrategyName>
<growthPercent>0</growthPercent>
<growthType>Year</growthType>
<maxVolumes>9999999</maxVolumes>
<minVolumes>0</minVolumes>
<normalForm>Third</normalForm>
<attributes itemClass="oracle.dbtools.crest.model.design.logical.Attribute">
<Attribute name="entry_call_no" id="04797CBA-1BA9-26F2-B50C-E8CAD52DC4BC">
<createdBy>PteFe</createdBy>
<createdTime>2024-09-16 03:31:59 UTC</createdTime>
<commentInRDBMS><![CDATA[Unique call number for the entry]]></commentInRDBMS>
<ownerDesignName>rcl_logica</ownerDesignName>
<importedID>C70958FC-AE5C-C269-8323-37ED83BD5B59</importedID>
<engineerTo>
<item key="6679B3BA-867A-466C-B8E6-23394B3973B4" value="true"/>
</engineerTo>
<useDomainConstraints>false</useDomainConstraints>
<use>1</use>
<logicalDatatype>LOGDT024</logicalDatatype>
<dataTypeSize>30</dataTypeSize>
<ownDataTypeParameters>30,,</ownDataTypeParameters>
</Attribute>
<Attribute name="entry_title" id="DEB3790B-8ACB-BAE7-6D90-1CD39A20B408">
<createdBy>PteFe</createdBy>
<createdTime>2024-09-16 03:31:59 UTC</createdTime>
<commentInRDBMS><![CDATA[Title of the entry]]></commentInRDBMS>
<ownerDesignName>rcl_logica</ownerDesignName>
<importedID>2BDC5D79-5839-C2FF-604B-D0982C6AD198</importedID>
<engineerTo>
<item key="6679B3BA-867A-466C-B8E6-23394B3973B4" value="true"/>
</engineerTo>
<useDomainConstraints>false</useDomainConstraints>
<use>1</use>
<logicalDatatype>LOGDT024</logicalDatatype>
<dataTypeSize>100</dataTypeSize>
<ownDataTypeParameters>100,,</ownDataTypeParameters>
</Attribute>
<Attribute name="entry_contents" id="5B2961B9-6C39-59D7-8C04-776E241B5D19">
<createdBy>PteFe</createdBy>
<createdTime>2024-09-16 03:31:59 UTC</createdTime>
<commentInRDBMS><![CDATA[Contents of the entry]]></commentInRDBMS>
<ownerDesignName>rcl_logica</ownerDesignName>
<importedID>0D0CB3E1-EF75-97EF-07DD-44C4E75C7259</importedID>
<engineerTo>
<item key="6679B3BA-867A-466C-B8E6-23394B3973B4" value="true"/>
</engineerTo>
<useDomainConstraints>false</useDomainConstraints>
<use>1</use>
<logicalDatatype>LOGDT024</logicalDatatype>
<dataTypeSize>1000</dataTypeSize>
<ownDataTypeParameters>1000,,</ownDataTypeParameters>
</Attribute>
<Attribute name="entry_publish_year" id="BB42FC24-EBC2-40D3-2DA7-A7E93A44A9C3">
<createdBy>PteFe</createdBy>
<createdTime>2024-09-16 03:31:59 UTC</createdTime>
<commentInRDBMS><![CDATA[Year the entry was published]]></commentInRDBMS>
<ownerDesignName>rcl_logica</ownerDesignName>
<importedID>7CA27AAA-871F-9CB6-0FAD-EB42288AE053</importedID>
<engineerTo>
<item key="6679B3BA-867A-466C-B8E6-23394B3973B4" value="true"/>
</engineerTo>
<useDomainConstraints>false</useDomainConstraints>
<use>1</use>
<logicalDatatype>LOGDT019</logicalDatatype>
<dataTypePrecision>4</dataTypePrecision>
<ownDataTypeParameters>,4,</ownDataTypeParameters>
</Attribute>
<Attribute name="entry_classification" id="91CE1599-A3C9-361D-4F11-D2D3D143EEAC">
<createdBy>PteFe</createdBy>
<createdTime>2024-09-16 03:31:59 UTC</createdTime>
<commentInRDBMS><![CDATA[Classification of the entry with unknown data type]]></commentInRDBMS>
<ownerDesignName>rcl_logica</ownerDesignName>
<importedID>B4B24ADE-44CE-F9D0-E40A-5CFE6A8165BC</importedID>
<engineerTo>
<item key="6679B3BA-867A-466C-B8E6-23394B3973B4" value="true"/>
</engineerTo>
<useDomainConstraints>false</useDomainConstraints>
<use>1</use>
<logicalDatatype>LOGDT024</logicalDatatype>
<dataTypeSize>1</dataTypeSize>
<listOfValues>
<valueDef value="F" description="Fiction"/>
<valueDef value="R" description="Reference"/>
</listOfValues>
<ownDataTypeParameters>1,,</ownDataTypeParameters>
</Attribute>
<Attribute name="entry_page_count" id="B9FBC6FA-4F76-275D-B233-35794CC65A4B">
<createdBy>PteFe</createdBy>
<createdTime>2024-09-16 03:31:59 UTC</createdTime>
<commentInRDBMS><![CDATA[Number of pages in the entry]]></commentInRDBMS>
<ownerDesignName>rcl_logica</ownerDesignName>
<importedID>704C5F53-CF41-C237-C0FF-321B9C037458</importedID>
<engineerTo>
<item key="6679B3BA-867A-466C-B8E6-23394B3973B4" value="true"/>
</engineerTo>
<useDomainConstraints>false</useDomainConstraints>
<use>1</use>
<logicalDatatype>LOGDT019</logicalDatatype>
<dataTypePrecision>4</dataTypePrecision>
<ownDataTypeParameters>,4,</ownDataTypeParameters>
</Attribute>
<Attribute name="entry_difficulty" id="5F2A34BB-6165-BFD1-6090-AAA2E46224C2">
<createdBy>PteFe</createdBy>
<createdTime>2024-09-16 03:31:59 UTC</createdTime>
<commentInRDBMS><![CDATA[Difficulty level of the entry]]></commentInRDBMS>
<ownerDesignName>rcl_logica</ownerDesignName>
<importedID>325F5CA3-0953-9DAA-DB2B-5F520DD95BA7</importedID>
<engineerTo>
<item key="6679B3BA-867A-466C-B8E6-23394B3973B4" value="true"/>
</engineerTo>
<nullsAllowed>true</nullsAllowed>
<useDomainConstraints>false</useDomainConstraints>
<use>1</use>
<logicalDatatype>LOGDT019</logicalDatatype>
<dataTypePrecision>2</dataTypePrecision>
<ownDataTypeParameters>,2,</ownDataTypeParameters>
</Attribute>
<Attribute name="publisher_id" id="78F4E0F6-9472-268A-67FB-572BF1023001">
<createdBy>PteFe</createdBy>
<createdTime>2024-09-16 03:31:59 UTC</createdTime>
<commentInRDBMS><![CDATA[Represents the unique code for the publisher]]></commentInRDBMS>
<generatorID>F864CB00-4B48-EC02-CBFE-E6C89652AF26</generatorID>
<ownerDesignName>rcl_logica</ownerDesignName>
<importedID>A7ED0AB2-8D7A-53A4-6068-1865C1742252</importedID>
<engineerTo>
<item key="6679B3BA-867A-466C-B8E6-23394B3973B4" value="true"/>
</engineerTo>
<referedAttribute>F69E3554-E545-98EF-3B11-D9CA43902E70</referedAttribute>
<useDomainConstraints>false</useDomainConstraints>
<use>1</use>
<logicalDatatype>LOGDT019</logicalDatatype>
<dataTypePrecision>4</dataTypePrecision>
<ownDataTypeParameters>,4,</ownDataTypeParameters>
</Attribute>
<Attribute name="entry_edition" id="2ADBCF26-3750-6890-BA00-6300EABDA868">
<createdBy>PteFe</createdBy>
<createdTime>2024-09-16 04:18:02 UTC</createdTime>
<commentInRDBMS><![CDATA[The entry_edition stores the edition of an entry as a string with up to 50 characters.]]></commentInRDBMS>
<ownerDesignName>rcl_logica</ownerDesignName>
<engineerTo>
<item key="6679B3BA-867A-466C-B8E6-23394B3973B4" value="true"/>
</engineerTo>
<nullsAllowed>true</nullsAllowed>
<useDomainConstraints>false</useDomainConstraints>
<use>1</use>
<logicalDatatype>LOGDT024</logicalDatatype>
<dataTypeSize>50</dataTypeSize>
<ownDataTypeParameters>50,,</ownDataTypeParameters>
</Attribute>
<Attribute name="entry_note" id="35A08D45-CFCD-E168-D6C5-13759F51E4DD">
<createdBy>PteFe</createdBy>
<createdTime>2024-09-16 04:22:03 UTC</createdTime>
<commentInRDBMS><![CDATA[The entry_note stores additional notes for an entry as a string with up to 100 characters.]]></commentInRDBMS>
<ownerDesignName>rcl_logica</ownerDesignName>
<engineerTo>
<item key="6679B3BA-867A-466C-B8E6-23394B3973B4" value="true"/>
</engineerTo>
<nullsAllowed>true</nullsAllowed>
<useDomainConstraints>false</useDomainConstraints>
<use>1</use>
<logicalDatatype>LOGDT024</logicalDatatype>
<dataTypeSize>50</dataTypeSize>
<ownDataTypeParameters>50,,</ownDataTypeParameters>
</Attribute>
<Attribute name="entry_language" id="CA62AA47-A913-6ABB-B04C-2CD6AD0D271C">
<createdBy>PteFe</createdBy>
<createdTime>2024-09-16 04:22:30 UTC</createdTime>
<commentInRDBMS><![CDATA[The entry_language stores the language of the entry as a mandatory string with up to 20 characters.]]></commentInRDBMS>
<ownerDesignName>rcl_logica</ownerDesignName>
<engineerTo>
<item key="6679B3BA-867A-466C-B8E6-23394B3973B4" value="true"/>
</engineerTo>
<useDomainConstraints>false</useDomainConstraints>
<use>1</use>
<logicalDatatype>LOGDT024</logicalDatatype>
<dataTypeSize>20</dataTypeSize>
<ownDataTypeParameters>20,,</ownDataTypeParameters>
</Attribute>
</attributes>
<identifiers itemClass="oracle.dbtools.crest.model.design.logical.CandidateKey">
<identifier id="1E324D27-E27B-0FCC-69D7-883241804144" name="ENTRY PK">
<createdBy>PteFe</createdBy>
<createdTime>2024-09-16 03:31:59 UTC</createdTime>
<ownerDesignName>rcl_logica</ownerDesignName>
<engineerTo>
<item key="6679B3BA-867A-466C-B8E6-23394B3973B4" value="true"/>
</engineerTo>
<pk>true</pk>
<usedAttributes>
<attributeRef>04797CBA-1BA9-26F2-B50C-E8CAD52DC4BC</attributeRef>
</usedAttributes>
</identifier>
</identifiers>
</Entity>
