<?xml version = '1.0' encoding = 'UTF-8'?>
<Entity class="oracle.dbtools.crest.model.design.logical.Entity" directorySegmentName="seg_0" id="AE55CC9A-9DE7-B373-1C7E-4A04E9A000C3" name="SUBJECT">
<createdBy>PteFe</createdBy>
<createdTime>2024-09-16 04:29:32 UTC</createdTime>
<ownerDesignName>rcl_logica</ownerDesignName>
<engineerTo>
<item key="6679B3BA-867A-466C-B8E6-23394B3973B4" value="true"/>
</engineerTo>
<adequatelyNormalized>NO</adequatelyNormalized>
<expectedVolumes>0</expectedVolumes>
<fwdEngineeringStrategyName>Single Table</fwdEngineeringStrategyName>
<growthPercent>0</growthPercent>
<growthType>Year</growthType>
<maxVolumes>9999999</maxVolumes>
<minVolumes>0</minVolumes>
<normalForm>Third</normalForm>
<attributes itemClass="oracle.dbtools.crest.model.design.logical.Attribute">
<Attribute name="subject_id" id="DCCB52E5-FC6C-94B6-D604-B6608E9EBB85">
<createdBy>PteFe</createdBy>
<createdTime>2024-09-16 04:29:37 UTC</createdTime>
<commentInRDBMS><![CDATA[The subject_id stores the unique identifier for a subject as a numeric value with a precision of 4 digits and serves as the primary key.]]></commentInRDBMS>
<ownerDesignName>rcl_logica</ownerDesignName>
<engineerTo>
<item key="6679B3BA-867A-466C-B8E6-23394B3973B4" value="true"/>
</engineerTo>
<useDomainConstraints>false</useDomainConstraints>
<use>1</use>
<logicalDatatype>LOGDT019</logicalDatatype>
<ownDataTypeParameters>,,</ownDataTypeParameters>
</Attribute>
<Attribute name="subject_desc" id="64238DD3-268B-95BA-919E-993A4132B1B7">
<createdBy>PteFe</createdBy>
<createdTime>2024-09-16 04:29:38 UTC</createdTime>
<commentInRDBMS><![CDATA[The subject_desc stores a mandatory description of the subject as a string with up to 50 characters.]]></commentInRDBMS>
<ownerDesignName>rcl_logica</ownerDesignName>
<engineerTo>
<item key="6679B3BA-867A-466C-B8E6-23394B3973B4" value="true"/>
</engineerTo>
<useDomainConstraints>false</useDomainConstraints>
<use>1</use>
<logicalDatatype>LOGDT024</logicalDatatype>
<dataTypeSize>50</dataTypeSize>
<ownDataTypeParameters>50,,</ownDataTypeParameters>
</Attribute>
</attributes>
<identifiers itemClass="oracle.dbtools.crest.model.design.logical.CandidateKey">
<identifier id="5AD8FDF7-DF2C-7AC0-4DF3-7ACEE8BF5710" name="SUBJECT PK">
<createdBy>PteFe</createdBy>
<createdTime>2024-09-16 04:29:53 UTC</createdTime>
<ownerDesignName>rcl_logica</ownerDesignName>
<engineerTo>
<item key="6679B3BA-867A-466C-B8E6-23394B3973B4" value="true"/>
</engineerTo>
<pk>true</pk>
<usedAttributes>
<attributeRef>DCCB52E5-FC6C-94B6-D604-B6608E9EBB85</attributeRef>
</usedAttributes>
</identifier>
</identifiers>
</Entity>
