<?xml version = '1.0' encoding = 'UTF-8'?>
<Entity class="oracle.dbtools.crest.model.design.logical.Entity" directorySegmentName="seg_0" id="AF29F63A-C594-BCD8-CDDA-BE9173A2F035" name="MANAGER">
<createdBy>PteFe</createdBy>
<createdTime>2024-09-16 03:31:59 UTC</createdTime>
<ownerDesignName>rcl_logica</ownerDesignName>
<engineerTo>
<item key="6679B3BA-867A-466C-B8E6-23394B3973B4" value="true"/>
</engineerTo>
<adequatelyNormalized>NO</adequatelyNormalized>
<expectedVolumes>0</expectedVolumes>
<fwdEngineeringStrategyName>Single Table</fwdEngineeringStrategyName>
<growthPercent>0</growthPercent>
<growthType>Year</growthType>
<maxVolumes>9999999</maxVolumes>
<minVolumes>0</minVolumes>
<normalForm>Third</normalForm>
<attributes itemClass="oracle.dbtools.crest.model.design.logical.Attribute">
<Attribute name="manager_id" id="895A0871-6F63-3896-57D1-D078408F10E4">
<createdBy>PteFe</createdBy>
<createdTime>2024-09-16 03:31:59 UTC</createdTime>
<commentInRDBMS><![CDATA[Manager identification number]]></commentInRDBMS>
<ownerDesignName>rcl_logica</ownerDesignName>
<importedID>1E1A5DCD-5E91-25EC-B846-BD2CD75CD71C</importedID>
<engineerTo>
<item key="6679B3BA-867A-466C-B8E6-23394B3973B4" value="true"/>
</engineerTo>
<useDomainConstraints>false</useDomainConstraints>
<use>1</use>
<logicalDatatype>LOGDT019</logicalDatatype>
<dataTypePrecision>3</dataTypePrecision>
<ownDataTypeParameters>,3,</ownDataTypeParameters>
</Attribute>
<Attribute name="manager_fname" id="73F4F606-BFEF-5EDC-36A5-FA83D1DB902A">
<createdBy>PteFe</createdBy>
<createdTime>2024-09-16 03:31:59 UTC</createdTime>
<commentInRDBMS><![CDATA[Manager first name]]></commentInRDBMS>
<ownerDesignName>rcl_logica</ownerDesignName>
<importedID>B77BDB0F-178F-FD57-488E-EF4717B1CCA0</importedID>
<engineerTo>
<item key="6679B3BA-867A-466C-B8E6-23394B3973B4" value="true"/>
</engineerTo>
<nullsAllowed>true</nullsAllowed>
<useDomainConstraints>false</useDomainConstraints>
<use>1</use>
<logicalDatatype>LOGDT024</logicalDatatype>
<dataTypeSize>30</dataTypeSize>
<ownDataTypeParameters>30,,</ownDataTypeParameters>
</Attribute>
<Attribute name="manager_lname" id="D7587DE0-8978-D229-28AB-B62E0347AEE7">
<createdBy>PteFe</createdBy>
<createdTime>2024-09-16 03:31:59 UTC</createdTime>
<commentInRDBMS><![CDATA[Manager last name]]></commentInRDBMS>
<ownerDesignName>rcl_logica</ownerDesignName>
<importedID>4B23267A-AC01-F101-A393-EDF77D1D0635</importedID>
<engineerTo>
<item key="6679B3BA-867A-466C-B8E6-23394B3973B4" value="true"/>
</engineerTo>
<nullsAllowed>true</nullsAllowed>
<useDomainConstraints>false</useDomainConstraints>
<use>1</use>
<logicalDatatype>LOGDT024</logicalDatatype>
<dataTypeSize>30</dataTypeSize>
<ownDataTypeParameters>30,,</ownDataTypeParameters>
</Attribute>
<Attribute name="manager_phone" id="8BB61184-EFBC-1B24-83EA-4A12609203EB">
<createdBy>PteFe</createdBy>
<createdTime>2024-09-16 03:31:59 UTC</createdTime>
<commentInRDBMS><![CDATA[Manager phone number]]></commentInRDBMS>
<ownerDesignName>rcl_logica</ownerDesignName>
<importedID>19C6F6EF-0C6D-2CC6-CE29-4851D91CF5DA</importedID>
<engineerTo>
<item key="6679B3BA-867A-466C-B8E6-23394B3973B4" value="true"/>
</engineerTo>
<nullsAllowed>true</nullsAllowed>
<useDomainConstraints>false</useDomainConstraints>
<use>1</use>
<logicalDatatype>LOGDT025</logicalDatatype>
<dataTypeSize>10</dataTypeSize>
<ownDataTypeParameters>10,,</ownDataTypeParameters>
</Attribute>
<Attribute name="branch_code  " id="9AD67166-317D-E2A8-C799-4A22E13C85CB">
<createdBy>PteFe</createdBy>
<createdTime>2024-09-16 03:31:59 UTC</createdTime>
<commentInRDBMS><![CDATA[BRANCH code]]></commentInRDBMS>
<generatorID>DCEC5DC9-D3FA-0264-8DE2-1F2BEE35BC41</generatorID>
<ownerDesignName>rcl_logica</ownerDesignName>
<importedID>0F28E175-967C-47F0-A023-435D29CCC5B4</importedID>
<engineerTo>
<item key="6679B3BA-867A-466C-B8E6-23394B3973B4" value="true"/>
</engineerTo>
<referedAttribute>E3D9CFAF-E96B-D7F8-B2F3-7696673150B0</referedAttribute>
<useDomainConstraints>false</useDomainConstraints>
<use>1</use>
<logicalDatatype>LOGDT019</logicalDatatype>
<dataTypePrecision>3</dataTypePrecision>
<ownDataTypeParameters>,,</ownDataTypeParameters>
</Attribute>
</attributes>
<identifiers itemClass="oracle.dbtools.crest.model.design.logical.CandidateKey">
<identifier id="3908C6DC-4785-2D4E-DDA2-60F305C44766" name="MANAGER PK">
<createdBy>PteFe</createdBy>
<createdTime>2024-09-16 03:31:59 UTC</createdTime>
<ownerDesignName>rcl_logica</ownerDesignName>
<engineerTo>
<item key="6679B3BA-867A-466C-B8E6-23394B3973B4" value="true"/>
</engineerTo>
<pk>true</pk>
<usedAttributes>
<attributeRef>895A0871-6F63-3896-57D1-D078408F10E4</attributeRef>
</usedAttributes>
</identifier>
</identifiers>
</Entity>
