<?xml version = '1.0' encoding = 'UTF-8'?>
<Entity class="oracle.dbtools.crest.model.design.logical.Entity" directorySegmentName="seg_0" id="B97027D5-0687-FE94-9C7F-75C9A156BF39" name="ENTRY_SUBJECT">
<createdBy>PteFe</createdBy>
<createdTime>2024-09-16 04:25:32 UTC</createdTime>
<ownerDesignName>rcl_logica</ownerDesignName>
<engineerTo>
<item key="6679B3BA-867A-466C-B8E6-23394B3973B4" value="true"/>
</engineerTo>
<adequatelyNormalized>NO</adequatelyNormalized>
<expectedVolumes>0</expectedVolumes>
<fwdEngineeringStrategyName>Single Table</fwdEngineeringStrategyName>
<growthPercent>0</growthPercent>
<growthType>Year</growthType>
<maxVolumes>9999999</maxVolumes>
<minVolumes>0</minVolumes>
<normalForm>Third</normalForm>
<attributes itemClass="oracle.dbtools.crest.model.design.logical.Attribute">
<Attribute name="entry_call_no" id="7D1D1A50-0136-191D-7A0E-C98DBEDF6FB4">
<createdBy>PteFe</createdBy>
<createdTime>2024-09-16 04:31:45 UTC</createdTime>
<commentInRDBMS><![CDATA[Unique call number for the entry]]></commentInRDBMS>
<generatorID>80E97201-5ABE-41E4-5F67-97C422B8CD32</generatorID>
<ownerDesignName>rcl_logica</ownerDesignName>
<engineerTo>
<item key="6679B3BA-867A-466C-B8E6-23394B3973B4" value="true"/>
</engineerTo>
<referedAttribute>04797CBA-1BA9-26F2-B50C-E8CAD52DC4BC</referedAttribute>
<useDomainConstraints>false</useDomainConstraints>
<use>1</use>
<logicalDatatype>LOGDT024</logicalDatatype>
<dataTypeSize>30</dataTypeSize>
<ownDataTypeParameters>,,</ownDataTypeParameters>
</Attribute>
<Attribute name="subject_id" id="B6301213-7F4B-4127-2921-8F8D62CB6D4A">
<createdBy>PteFe</createdBy>
<createdTime>2024-09-16 04:33:24 UTC</createdTime>
<commentInRDBMS><![CDATA[The subject_id stores the unique identifier for a subject as a numeric value with a precision of 4 digits and serves as the primary key.]]></commentInRDBMS>
<generatorID>2301374F-3A81-A2DB-E95D-377A1D87C840</generatorID>
<ownerDesignName>rcl_logica</ownerDesignName>
<engineerTo>
<item key="6679B3BA-867A-466C-B8E6-23394B3973B4" value="true"/>
</engineerTo>
<referedAttribute>DCCB52E5-FC6C-94B6-D604-B6608E9EBB85</referedAttribute>
<useDomainConstraints>false</useDomainConstraints>
<use>1</use>
<logicalDatatype>LOGDT019</logicalDatatype>
<ownDataTypeParameters>,,</ownDataTypeParameters>
</Attribute>
</attributes>
<identifiers itemClass="oracle.dbtools.crest.model.design.logical.CandidateKey">
<identifier id="9E9B6E83-2EF1-7D0B-4328-01080519C480" name="ENTRY_SUBJECT PK">
<createdBy>PteFe</createdBy>
<createdTime>2024-09-16 04:31:45 UTC</createdTime>
<ownerDesignName>rcl_logica</ownerDesignName>
<engineerTo>
<item key="6679B3BA-867A-466C-B8E6-23394B3973B4" value="true"/>
</engineerTo>
<pk>true</pk>
<usedAttributes>
<attributeRef>7D1D1A50-0136-191D-7A0E-C98DBEDF6FB4</attributeRef>
<attributeRef>B6301213-7F4B-4127-2921-8F8D62CB6D4A</attributeRef>
</usedAttributes>
</identifier>
</identifiers>
</Entity>
