<?xml version = '1.0' encoding = 'UTF-8'?>
<Entity class="oracle.dbtools.crest.model.design.logical.Entity" directorySegmentName="seg_0" id="C079DC54-CC8E-3164-AF18-AC450E4B64A8" name="BORROWER">
<createdBy>PteFe</createdBy>
<createdTime>2024-09-16 03:31:59 UTC</createdTime>
<ownerDesignName>rcl_logica</ownerDesignName>
<engineerTo>
<item key="6679B3BA-867A-466C-B8E6-23394B3973B4" value="true"/>
</engineerTo>
<adequatelyNormalized>NO</adequatelyNormalized>
<expectedVolumes>0</expectedVolumes>
<fwdEngineeringStrategyName>Single Table</fwdEngineeringStrategyName>
<growthPercent>0</growthPercent>
<growthType>Year</growthType>
<maxVolumes>9999999</maxVolumes>
<minVolumes>0</minVolumes>
<normalForm>Third</normalForm>
<attributes itemClass="oracle.dbtools.crest.model.design.logical.Attribute">
<Attribute name="borrower_no" id="0A676BD2-1126-E7CE-678E-F086C50118D9">
<createdBy>PteFe</createdBy>
<createdTime>2024-09-16 03:31:59 UTC</createdTime>
<commentInRDBMS><![CDATA[Borrower identification number]]></commentInRDBMS>
<ownerDesignName>rcl_logica</ownerDesignName>
<importedID>30EF5729-E6F4-7ECA-A8EA-846F8A31DE66</importedID>
<engineerTo>
<item key="6679B3BA-867A-466C-B8E6-23394B3973B4" value="true"/>
</engineerTo>
<useDomainConstraints>false</useDomainConstraints>
<use>1</use>
<logicalDatatype>LOGDT019</logicalDatatype>
<dataTypePrecision>5</dataTypePrecision>
<ownDataTypeParameters>,5,</ownDataTypeParameters>
</Attribute>
<Attribute name="borrower_fname  " id="06DAFB79-DD94-3CA1-DC3F-EA5762C50CDA">
<createdBy>PteFe</createdBy>
<createdTime>2024-09-16 03:31:59 UTC</createdTime>
<commentInRDBMS><![CDATA[borrower's first name]]></commentInRDBMS>
<ownerDesignName>rcl_logica</ownerDesignName>
<importedID>601E7C60-1ABB-B847-9625-D20671424CC5</importedID>
<engineerTo>
<item key="6679B3BA-867A-466C-B8E6-23394B3973B4" value="true"/>
</engineerTo>
<useDomainConstraints>false</useDomainConstraints>
<use>1</use>
<logicalDatatype>LOGDT024</logicalDatatype>
<dataTypeSize>30</dataTypeSize>
<ownDataTypeParameters>30,,</ownDataTypeParameters>
</Attribute>
<Attribute name="borrower_lname" id="E7EC1391-E358-C17D-C494-5CCAEFC16673">
<createdBy>PteFe</createdBy>
<createdTime>2024-09-16 04:44:18 UTC</createdTime>
<commentInRDBMS><![CDATA[ borrower's last name.]]></commentInRDBMS>
<ownerDesignName>rcl_logica</ownerDesignName>
<engineerTo>
<item key="6679B3BA-867A-466C-B8E6-23394B3973B4" value="true"/>
</engineerTo>
<useDomainConstraints>false</useDomainConstraints>
<use>1</use>
<logicalDatatype>LOGDT024</logicalDatatype>
<dataTypeSize>30</dataTypeSize>
<ownDataTypeParameters>30,,</ownDataTypeParameters>
</Attribute>
<Attribute name="borrower_postcode" id="27AE0F5A-7494-5469-B913-9A7D10075F1E">
<createdBy>PteFe</createdBy>
<createdTime>2024-09-16 03:31:59 UTC</createdTime>
<commentInRDBMS><![CDATA[ borrower's post code]]></commentInRDBMS>
<ownerDesignName>rcl_logica</ownerDesignName>
<importedID>E9EEFABC-1529-A742-8A0D-8CFE836B0456</importedID>
<engineerTo>
<item key="6679B3BA-867A-466C-B8E6-23394B3973B4" value="true"/>
</engineerTo>
<useDomainConstraints>false</useDomainConstraints>
<use>1</use>
<logicalDatatype>LOGDT019</logicalDatatype>
<dataTypePrecision>4</dataTypePrecision>
<ownDataTypeParameters>,4,</ownDataTypeParameters>
</Attribute>
<Attribute name="borrower_street_address  " id="025EE39C-3A69-1BC1-4119-A0F614A80982">
<createdBy>PteFe</createdBy>
<createdTime>2024-09-16 03:31:59 UTC</createdTime>
<commentInRDBMS><![CDATA[ borrower's address]]></commentInRDBMS>
<ownerDesignName>rcl_logica</ownerDesignName>
<importedID>E74799CE-FDCD-FAD3-CE6F-220D4488314F</importedID>
<engineerTo>
<item key="6679B3BA-867A-466C-B8E6-23394B3973B4" value="true"/>
</engineerTo>
<useDomainConstraints>false</useDomainConstraints>
<use>1</use>
<logicalDatatype>LOGDT024</logicalDatatype>
<dataTypeSize>50</dataTypeSize>
<ownDataTypeParameters>50,,</ownDataTypeParameters>
</Attribute>
<Attribute name="borrower_town  " id="BE639D56-2A76-3AFA-D86A-EA93F52E263D">
<createdBy>PteFe</createdBy>
<createdTime>2024-09-16 03:31:59 UTC</createdTime>
<commentInRDBMS><![CDATA[ borrower's town]]></commentInRDBMS>
<ownerDesignName>rcl_logica</ownerDesignName>
<importedID>249CD3A0-5B8C-693D-39BB-905EF5D9A358</importedID>
<engineerTo>
<item key="6679B3BA-867A-466C-B8E6-23394B3973B4" value="true"/>
</engineerTo>
<useDomainConstraints>false</useDomainConstraints>
<use>1</use>
<logicalDatatype>LOGDT024</logicalDatatype>
<dataTypeSize>30</dataTypeSize>
<ownDataTypeParameters>30,,</ownDataTypeParameters>
</Attribute>
<Attribute name="borrower_state  " id="4244FB95-BF46-D993-2946-26F11FD7135E">
<createdBy>PteFe</createdBy>
<createdTime>2024-09-16 03:31:59 UTC</createdTime>
<commentInRDBMS><![CDATA[ borrower's state]]></commentInRDBMS>
<ownerDesignName>rcl_logica</ownerDesignName>
<importedID>30A514C0-D398-3998-C997-03077CC0B7D4</importedID>
<engineerTo>
<item key="6679B3BA-867A-466C-B8E6-23394B3973B4" value="true"/>
</engineerTo>
<useDomainConstraints>false</useDomainConstraints>
<use>1</use>
<logicalDatatype>LOGDT025</logicalDatatype>
<dataTypeSize>3</dataTypeSize>
<ownDataTypeParameters>3,,</ownDataTypeParameters>
</Attribute>
<Attribute name="branch_code  " id="92237416-9BD4-9876-15BE-3A87E7B136B4">
<createdBy>PteFe</createdBy>
<createdTime>2024-09-16 03:31:59 UTC</createdTime>
<commentInRDBMS><![CDATA[BRANCH code]]></commentInRDBMS>
<generatorID>70008536-D74B-3C32-FDCF-2DFF6400DBE7</generatorID>
<ownerDesignName>rcl_logica</ownerDesignName>
<importedID>DD9A35F1-15C3-0E2E-D55F-B3E2502B8A6D</importedID>
<engineerTo>
<item key="6679B3BA-867A-466C-B8E6-23394B3973B4" value="true"/>
</engineerTo>
<referedAttribute>E3D9CFAF-E96B-D7F8-B2F3-7696673150B0</referedAttribute>
<useDomainConstraints>false</useDomainConstraints>
<use>1</use>
<logicalDatatype>LOGDT019</logicalDatatype>
<dataTypePrecision>3</dataTypePrecision>
<ownDataTypeParameters>,,</ownDataTypeParameters>
</Attribute>
<Attribute name="borrower_status" id="19D010FF-C573-21E4-BBF1-662E7E4C99B6">
<createdBy>PteFe</createdBy>
<createdTime>2024-09-16 04:39:46 UTC</createdTime>
<commentInRDBMS><![CDATA[The borrower_status stores a mandatory single-character code representing the borrowers status.]]></commentInRDBMS>
<ownerDesignName>rcl_logica</ownerDesignName>
<engineerTo>
<item key="6679B3BA-867A-466C-B8E6-23394B3973B4" value="true"/>
</engineerTo>
<useDomainConstraints>false</useDomainConstraints>
<use>1</use>
<logicalDatatype>LOGDT025</logicalDatatype>
<dataTypeSize>1</dataTypeSize>
<listOfValues>
<valueDef value="&apos;P &apos;" description="Permitted"/>
<valueDef value="B" description="Banned"/>
</listOfValues>
<ownDataTypeParameters>1,,</ownDataTypeParameters>
</Attribute>
<Attribute name="class_id" id="FC5F3236-D6DA-475D-659A-CF7C2AC8D4AE">
<createdBy>PteFe</createdBy>
<createdTime>2024-09-16 05:37:57 UTC</createdTime>
<commentInRDBMS><![CDATA[The class_id stores the unique identifier for a class as a numeric value, serving as the primary key.]]></commentInRDBMS>
<generatorID>B7B87C85-4816-12F6-1FD2-808163541319</generatorID>
<ownerDesignName>rcl_logica</ownerDesignName>
<engineerTo>
<item key="6679B3BA-867A-466C-B8E6-23394B3973B4" value="true"/>
</engineerTo>
<referedAttribute>DC6818E5-E61A-B921-785A-97DEBB5929DC</referedAttribute>
<useDomainConstraints>false</useDomainConstraints>
<use>1</use>
<logicalDatatype>LOGDT019</logicalDatatype>
<dataTypePrecision>1</dataTypePrecision>
<ownDataTypeParameters>,,</ownDataTypeParameters>
</Attribute>
<Attribute name="borrower_phone" id="10CD0CD2-8F7A-B32D-73E5-10F7103564A4">
<createdBy>PteFe</createdBy>
<createdTime>2024-09-16 06:09:56 UTC</createdTime>
<commentInRDBMS><![CDATA[The borrower_phone stores the borrower's phone number as a string with a length of up to 10 characters.]]></commentInRDBMS>
<ownerDesignName>rcl_logica</ownerDesignName>
<engineerTo>
<item key="6679B3BA-867A-466C-B8E6-23394B3973B4" value="true"/>
</engineerTo>
<nullsAllowed>true</nullsAllowed>
<useDomainConstraints>false</useDomainConstraints>
<use>1</use>
<logicalDatatype>LOGDT025</logicalDatatype>
<dataTypeSize>10</dataTypeSize>
<ownDataTypeParameters>10,,</ownDataTypeParameters>
</Attribute>
</attributes>
<identifiers itemClass="oracle.dbtools.crest.model.design.logical.CandidateKey">
<identifier id="7167D2C0-109A-C58C-1914-73B791EE4AC4" name="BORROWER PK">
<createdBy>PteFe</createdBy>
<createdTime>2024-09-16 03:31:59 UTC</createdTime>
<ownerDesignName>rcl_logica</ownerDesignName>
<engineerTo>
<item key="6679B3BA-867A-466C-B8E6-23394B3973B4" value="true"/>
</engineerTo>
<pk>true</pk>
<usedAttributes>
<attributeRef>0A676BD2-1126-E7CE-678E-F086C50118D9</attributeRef>
</usedAttributes>
</identifier>
</identifiers>
</Entity>
