<?xml version = '1.0' encoding = 'UTF-8'?>
<Entity class="oracle.dbtools.crest.model.design.logical.Entity" directorySegmentName="seg_0" id="CA650F3F-118F-03B6-F798-300BF9711F07" name="AUTHORSHIP">
<createdBy>PteFe</createdBy>
<createdTime>2024-09-16 03:45:11 UTC</createdTime>
<ownerDesignName>rcl_logica</ownerDesignName>
<engineerTo>
<item key="6679B3BA-867A-466C-B8E6-23394B3973B4" value="true"/>
</engineerTo>
<adequatelyNormalized>NO</adequatelyNormalized>
<expectedVolumes>0</expectedVolumes>
<fwdEngineeringStrategyName>Single Table</fwdEngineeringStrategyName>
<growthPercent>0</growthPercent>
<growthType>Year</growthType>
<maxVolumes>9999999</maxVolumes>
<minVolumes>0</minVolumes>
<normalForm>Third</normalForm>
<attributes itemClass="oracle.dbtools.crest.model.design.logical.Attribute">
<Attribute name="author_id" id="332247FF-C64D-1E7F-4FD9-511244F6380F">
<createdBy>PteFe</createdBy>
<createdTime>2024-09-16 03:45:45 UTC</createdTime>
<commentInRDBMS><![CDATA[This field serves as the unique identifier for an author, stored as a numeric value with a precision of 4 digits.]]></commentInRDBMS>
<generatorID>0D0BA253-4952-EF84-8E82-27A9D62F09EA</generatorID>
<ownerDesignName>rcl_logica</ownerDesignName>
<engineerTo>
<item key="6679B3BA-867A-466C-B8E6-23394B3973B4" value="true"/>
</engineerTo>
<referedAttribute>32B79199-90D0-7A71-FCE4-2D9BF4DF673E</referedAttribute>
<useDomainConstraints>false</useDomainConstraints>
<use>1</use>
<logicalDatatype>LOGDT019</logicalDatatype>
<dataTypePrecision>4</dataTypePrecision>
<ownDataTypeParameters>,,</ownDataTypeParameters>
</Attribute>
<Attribute name="entry_call_no" id="3CE81650-F9AA-5EE0-C754-13AABAB44C2E">
<createdBy>PteFe</createdBy>
<createdTime>2024-09-16 03:47:04 UTC</createdTime>
<commentInRDBMS><![CDATA[Unique call number for the entry]]></commentInRDBMS>
<generatorID>3F245E7B-5382-F292-70A9-1B261E1C1F56</generatorID>
<ownerDesignName>rcl_logica</ownerDesignName>
<engineerTo>
<item key="6679B3BA-867A-466C-B8E6-23394B3973B4" value="true"/>
</engineerTo>
<referedAttribute>04797CBA-1BA9-26F2-B50C-E8CAD52DC4BC</referedAttribute>
<useDomainConstraints>false</useDomainConstraints>
<use>1</use>
<logicalDatatype>LOGDT024</logicalDatatype>
<dataTypeSize>30</dataTypeSize>
<ownDataTypeParameters>,,</ownDataTypeParameters>
</Attribute>
</attributes>
<identifiers itemClass="oracle.dbtools.crest.model.design.logical.CandidateKey">
<identifier id="A6F10646-CA5C-368B-2C17-A60AC4A879C6" name="AUTHORSHIP PK">
<createdBy>PteFe</createdBy>
<createdTime>2024-09-16 03:45:45 UTC</createdTime>
<ownerDesignName>rcl_logica</ownerDesignName>
<engineerTo>
<item key="6679B3BA-867A-466C-B8E6-23394B3973B4" value="true"/>
</engineerTo>
<pk>true</pk>
<usedAttributes>
<attributeRef>332247FF-C64D-1E7F-4FD9-511244F6380F</attributeRef>
<attributeRef>3CE81650-F9AA-5EE0-C754-13AABAB44C2E</attributeRef>
</usedAttributes>
</identifier>
</identifiers>
</Entity>
