<?xml version = '1.0' encoding = 'UTF-8'?>
<Entity class="oracle.dbtools.crest.model.design.logical.Entity" directorySegmentName="seg_0" id="CCE6FDE2-E1EF-30F6-FD42-B510639AF352" name="LOAN">
<createdBy>PteFe</createdBy>
<createdTime>2024-09-16 03:31:59 UTC</createdTime>
<ownerDesignName>rcl_logica</ownerDesignName>
<engineerTo>
<item key="6679B3BA-867A-466C-B8E6-23394B3973B4" value="true"/>
</engineerTo>
<adequatelyNormalized>NO</adequatelyNormalized>
<expectedVolumes>0</expectedVolumes>
<fwdEngineeringStrategyName>Single Table</fwdEngineeringStrategyName>
<growthPercent>0</growthPercent>
<growthType>Year</growthType>
<maxVolumes>9999999</maxVolumes>
<minVolumes>0</minVolumes>
<normalForm>Third</normalForm>
<attributes itemClass="oracle.dbtools.crest.model.design.logical.Attribute">
<Attribute name="loan_id" id="1D80C7B3-C7F9-5DA6-30AE-14FC1783CD5F">
<createdBy>PteFe</createdBy>
<createdTime>2024-09-16 06:29:20 UTC</createdTime>
<commentInRDBMS><![CDATA[LOAN id]]></commentInRDBMS>
<ownerDesignName>rcl_logica</ownerDesignName>
<engineerTo>
<item key="6679B3BA-867A-466C-B8E6-23394B3973B4" value="true"/>
</engineerTo>
<useDomainConstraints>false</useDomainConstraints>
<use>1</use>
<logicalDatatype>LOGDT019</logicalDatatype>
<dataTypePrecision>10</dataTypePrecision>
<ownDataTypeParameters>,10,</ownDataTypeParameters>
</Attribute>
<Attribute name="borrower_no" id="6B1A961B-D884-7367-85C5-CDAC1278CF5D">
<createdBy>PteFe</createdBy>
<createdTime>2024-09-16 03:31:59 UTC</createdTime>
<commentInRDBMS><![CDATA[Borrower identification number]]></commentInRDBMS>
<generatorID>1229180F-7CE9-330F-0B98-4680FDA913EE</generatorID>
<ownerDesignName>rcl_logica</ownerDesignName>
<importedID>F86D65DD-AB69-7D74-6024-367C6A3B8092</importedID>
<engineerTo>
<item key="6679B3BA-867A-466C-B8E6-23394B3973B4" value="true"/>
</engineerTo>
<referedAttribute>0A676BD2-1126-E7CE-678E-F086C50118D9</referedAttribute>
<useDomainConstraints>false</useDomainConstraints>
<use>1</use>
<logicalDatatype>LOGDT019</logicalDatatype>
<dataTypePrecision>5</dataTypePrecision>
<ownDataTypeParameters>,,</ownDataTypeParameters>
</Attribute>
<Attribute name="loan_taken_datetime" id="4DFD7C9D-B6EC-84DD-9967-86133DAC6B55">
<createdBy>PteFe</createdBy>
<createdTime>2024-09-16 03:31:59 UTC</createdTime>
<commentInRDBMS><![CDATA[Date and time when the loan was taken]]></commentInRDBMS>
<ownerDesignName>rcl_logica</ownerDesignName>
<importedID>E4FE0460-29CD-9B1F-E647-EA9915A4A652</importedID>
<engineerTo>
<item key="6679B3BA-867A-466C-B8E6-23394B3973B4" value="true"/>
</engineerTo>
<useDomainConstraints>false</useDomainConstraints>
<use>1</use>
<logicalDatatype>LOGDT007</logicalDatatype>
<ownDataTypeParameters>,,</ownDataTypeParameters>
</Attribute>
<Attribute name="loan_due_date" id="820FD2FA-5EF8-F1CC-68C4-CC755C212DCF">
<createdBy>PteFe</createdBy>
<createdTime>2024-09-16 03:31:59 UTC</createdTime>
<commentInRDBMS><![CDATA[The due date of the loan]]></commentInRDBMS>
<ownerDesignName>rcl_logica</ownerDesignName>
<importedID>D5E955DE-3B28-AC6C-C1C6-8472FE4D7673</importedID>
<engineerTo>
<item key="6679B3BA-867A-466C-B8E6-23394B3973B4" value="true"/>
</engineerTo>
<useDomainConstraints>false</useDomainConstraints>
<use>1</use>
<logicalDatatype>LOGDT007</logicalDatatype>
<ownDataTypeParameters>,,</ownDataTypeParameters>
</Attribute>
<Attribute name="loan_return_datetime" id="CD887BA9-A6FC-A395-90CD-1A8C72C8A530">
<createdBy>PteFe</createdBy>
<createdTime>2024-09-16 03:31:59 UTC</createdTime>
<commentInRDBMS><![CDATA[The date and time when the loan was returned]]></commentInRDBMS>
<ownerDesignName>rcl_logica</ownerDesignName>
<importedID>49065768-A4BB-5BA1-BFED-DD4CE1B394D5</importedID>
<engineerTo>
<item key="6679B3BA-867A-466C-B8E6-23394B3973B4" value="true"/>
</engineerTo>
<nullsAllowed>true</nullsAllowed>
<useDomainConstraints>false</useDomainConstraints>
<use>1</use>
<logicalDatatype>LOGDT007</logicalDatatype>
<ownDataTypeParameters>,,</ownDataTypeParameters>
</Attribute>
<Attribute name="branch_code  " id="59797932-ED9D-9A7F-4CBB-CE8B9BAFBB21">
<createdBy>PteFe</createdBy>
<createdTime>2024-09-16 05:15:38 UTC</createdTime>
<commentInRDBMS><![CDATA[BRANCH code]]></commentInRDBMS>
<generatorID>F1FB6661-D749-C9E2-9550-69419AB65B12</generatorID>
<ownerDesignName>rcl_logica</ownerDesignName>
<engineerTo>
<item key="6679B3BA-867A-466C-B8E6-23394B3973B4" value="true"/>
</engineerTo>
<referedAttribute>2D6BFCC7-EF55-6393-1A8F-806D4C82863C</referedAttribute>
<useDomainConstraints>false</useDomainConstraints>
<use>1</use>
<logicalDatatype>LOGDT019</logicalDatatype>
<dataTypePrecision>3</dataTypePrecision>
<ownDataTypeParameters>,,</ownDataTypeParameters>
</Attribute>
<Attribute name="copy_id" id="31ECB69D-70BF-A670-CD8F-2181546608E1">
<createdBy>PteFe</createdBy>
<createdTime>2024-09-16 03:31:59 UTC</createdTime>
<commentInRDBMS><![CDATA[Unique identifier for a copy of an item]]></commentInRDBMS>
<generatorID>F1FB6661-D749-C9E2-9550-69419AB65B12</generatorID>
<ownerDesignName>rcl_logica</ownerDesignName>
<importedID>20EBBE1C-C378-7DDF-EB7C-90EECCF53A93</importedID>
<engineerTo>
<item key="6679B3BA-867A-466C-B8E6-23394B3973B4" value="true"/>
</engineerTo>
<referedAttribute>C7F3A85A-4580-B1CC-285D-060961131580</referedAttribute>
<useDomainConstraints>false</useDomainConstraints>
<use>1</use>
<logicalDatatype>LOGDT019</logicalDatatype>
<dataTypePrecision>5</dataTypePrecision>
<ownDataTypeParameters>,,</ownDataTypeParameters>
</Attribute>
</attributes>
<identifiers itemClass="oracle.dbtools.crest.model.design.logical.CandidateKey">
<identifier id="E29313E9-1646-7097-E05A-1D2D64AADD9D" name="LOAN PK">
<createdBy>PteFe</createdBy>
<createdTime>2024-09-16 03:31:59 UTC</createdTime>
<ownerDesignName>rcl_logica</ownerDesignName>
<engineerTo>
<item key="6679B3BA-867A-466C-B8E6-23394B3973B4" value="true"/>
</engineerTo>
<pk>true</pk>
<usedAttributes>
<attributeRef>1D80C7B3-C7F9-5DA6-30AE-14FC1783CD5F</attributeRef>
</usedAttributes>
</identifier>
<identifier id="004B32F1-C815-4C80-89E1-4BA248FA8E2A" name="LOAN_CK">
<createdBy>PteFe</createdBy>
<createdTime>2024-09-16 06:26:12 UTC</createdTime>
<ownerDesignName>rcl_logica</ownerDesignName>
<engineerTo>
<item key="6679B3BA-867A-466C-B8E6-23394B3973B4" value="true"/>
</engineerTo>
<newElementsIDs>59797932-ED9D-9A7F-4CBB-CE8B9BAFBB21,4DFD7C9D-B6EC-84DD-9967-86133DAC6B55,31ECB69D-70BF-A670-CD8F-2181546608E1</newElementsIDs>
<usedAttributes>
<attributeRef>59797932-ED9D-9A7F-4CBB-CE8B9BAFBB21</attributeRef>
<attributeRef>4DFD7C9D-B6EC-84DD-9967-86133DAC6B55</attributeRef>
<attributeRef>31ECB69D-70BF-A670-CD8F-2181546608E1</attributeRef>
</usedAttributes>
</identifier>
<identifier id="EF70BFD0-CA91-7C9A-B8CC-51F77A959440" name="LOAN_NK">
<createdBy>PteFe</createdBy>
<createdTime>2024-09-16 06:33:54 UTC</createdTime>
<ownerDesignName>rcl_logica</ownerDesignName>
<engineerTo>
<item key="6679B3BA-867A-466C-B8E6-23394B3973B4" value="true"/>
</engineerTo>
<newElementsIDs>6B1A961B-D884-7367-85C5-CDAC1278CF5D,4DFD7C9D-B6EC-84DD-9967-86133DAC6B55</newElementsIDs>
<usedAttributes>
<attributeRef>6B1A961B-D884-7367-85C5-CDAC1278CF5D</attributeRef>
<attributeRef>4DFD7C9D-B6EC-84DD-9967-86133DAC6B55</attributeRef>
</usedAttributes>
</identifier>
</identifiers>
</Entity>
