<?xml version = '1.0' encoding = 'UTF-8'?>
<Entity class="oracle.dbtools.crest.model.design.logical.Entity" directorySegmentName="seg_0" id="E271EFF5-23C4-F867-1F25-262D1DDC5E65" name="CLASS">
<createdBy>PteFe</createdBy>
<createdTime>2024-09-16 05:05:51 UTC</createdTime>
<ownerDesignName>rcl_logica</ownerDesignName>
<engineerTo>
<item key="6679B3BA-867A-466C-B8E6-23394B3973B4" value="true"/>
</engineerTo>
<adequatelyNormalized>NO</adequatelyNormalized>
<expectedVolumes>0</expectedVolumes>
<fwdEngineeringStrategyName>Single Table</fwdEngineeringStrategyName>
<growthPercent>0</growthPercent>
<growthType>Year</growthType>
<maxVolumes>9999999</maxVolumes>
<minVolumes>0</minVolumes>
<normalForm>Third</normalForm>
<attributes itemClass="oracle.dbtools.crest.model.design.logical.Attribute">
<Attribute name="class_id" id="DC6818E5-E61A-B921-785A-97DEBB5929DC">
<createdBy>PteFe</createdBy>
<createdTime>2024-09-16 05:32:04 UTC</createdTime>
<commentInRDBMS><![CDATA[The class_id stores the unique identifier for a class as a numeric value, serving as the primary key.]]></commentInRDBMS>
<ownerDesignName>rcl_logica</ownerDesignName>
<engineerTo>
<item key="6679B3BA-867A-466C-B8E6-23394B3973B4" value="true"/>
</engineerTo>
<useDomainConstraints>false</useDomainConstraints>
<use>1</use>
<logicalDatatype>LOGDT019</logicalDatatype>
<dataTypePrecision>1</dataTypePrecision>
<ownDataTypeParameters>,1,</ownDataTypeParameters>
</Attribute>
<Attribute name="class_name" id="3DA6FA69-D921-9853-4394-0A49B3A45AB9">
<createdBy>PteFe</createdBy>
<createdTime>2024-09-16 05:32:38 UTC</createdTime>
<commentInRDBMS><![CDATA[The class_name stores the mandatory name of a class as a string with up to 20 characters.]]></commentInRDBMS>
<ownerDesignName>rcl_logica</ownerDesignName>
<engineerTo>
<item key="6679B3BA-867A-466C-B8E6-23394B3973B4" value="true"/>
</engineerTo>
<useDomainConstraints>false</useDomainConstraints>
<use>1</use>
<logicalDatatype>LOGDT024</logicalDatatype>
<dataTypeSize>20</dataTypeSize>
<ownDataTypeParameters>20,,</ownDataTypeParameters>
</Attribute>
<Attribute name="class_loan_limit" id="7E61A1FE-1309-59F3-9F35-AD2366D630F0">
<createdBy>PteFe</createdBy>
<createdTime>2024-09-16 05:33:38 UTC</createdTime>
<commentInRDBMS><![CDATA[The class_loan_limit stores a mandatory numeric value representing the loan limit for a class.]]></commentInRDBMS>
<ownerDesignName>rcl_logica</ownerDesignName>
<engineerTo>
<item key="6679B3BA-867A-466C-B8E6-23394B3973B4" value="true"/>
</engineerTo>
<useDomainConstraints>false</useDomainConstraints>
<use>1</use>
<logicalDatatype>LOGDT019</logicalDatatype>
<dataTypePrecision>2</dataTypePrecision>
<ownDataTypeParameters>,2,</ownDataTypeParameters>
</Attribute>
<Attribute name="class_loan_period" id="B87D9BAA-6239-73EF-59B1-3C8289632840">
<createdBy>PteFe</createdBy>
<createdTime>2024-09-16 05:35:04 UTC</createdTime>
<commentInRDBMS><![CDATA[The class_loan_period stores the loan period for a class as a numeric value.]]></commentInRDBMS>
<ownerDesignName>rcl_logica</ownerDesignName>
<engineerTo>
<item key="6679B3BA-867A-466C-B8E6-23394B3973B4" value="true"/>
</engineerTo>
<useDomainConstraints>false</useDomainConstraints>
<use>1</use>
<logicalDatatype>LOGDT019</logicalDatatype>
<dataTypePrecision>3</dataTypePrecision>
<ownDataTypeParameters>,3,</ownDataTypeParameters>
</Attribute>
</attributes>
<identifiers itemClass="oracle.dbtools.crest.model.design.logical.CandidateKey">
<identifier id="0658B584-9E2A-B85E-DB65-2A09EDC421C9" name="CLASS PK">
<createdBy>PteFe</createdBy>
<createdTime>2024-09-16 05:32:22 UTC</createdTime>
<ownerDesignName>rcl_logica</ownerDesignName>
<engineerTo>
<item key="6679B3BA-867A-466C-B8E6-23394B3973B4" value="true"/>
</engineerTo>
<pk>true</pk>
<usedAttributes>
<attributeRef>DC6818E5-E61A-B921-785A-97DEBB5929DC</attributeRef>
</usedAttributes>
</identifier>
</identifiers>
</Entity>
